iso3,period,admin_level,service,admin_name,pop_total,pop_covered,pop_coverage_pct,area_coverage_pct,tiles,tests,devices,d_median_pop,d_mean_pop,d_median_tile,d_p10_pop,d_p90_pop,divide_ratio,u_median_pop,lat_median_pop,pct_above_bb,pct_above_hi,density
EGY,2026Q2,ADM2,fixed,10 Ramadan 1,4420.824766159058,2027.0453472137451,45.852198502201695,30.41884524816558,18.0,207.0,54.0,18.5801366073558,28.034424528364607,17.4565,13.331317739796715,36.684268503028136,2.7517361163419034,4.4534716004797765,27.0,93.26497443278997,25.33007502012387,267.6178624276127
EGY,2026Q2,ADM2,fixed,10 Ramadan 2,870.4146222866841,728.1315727233887,83.65341689808695,14.010467321220057,11.0,89.0,45.0,9.609635690632057,18.972828000828823,12.393,4.436697515329341,50.242,11.324188729659314,1.7894660758356618,42.65112601330705,49.33622600638306,25.905238438204663,39.71647352967355
EGY,2026Q2,ADM2,fixed,15 Mayu,98633.6187997516,94183.38745498657,95.48811916371031,28.526994602987955,82.0,3389.0,1104.0,26.34565665004276,29.95429699624651,26.2755,20.242976693205684,46.705559372536264,2.3072475990259096,6.869638287319289,16.0,97.98647780196946,60.18008663544886,1219.5759057055293
EGY,2026Q2,ADM2,fixed,6 October-1,66615.71164703369,66615.71164703369,100.0,99.75925160329692,117.0,12466.0,3624.0,32.43868010010256,46.92960391686131,40.083,22.757673201792333,97.64550336877001,4.290662867989497,8.633858235955206,18.427519676268716,98.51469322821241,80.84700379676933,2024.7537485740932
EGY,2026Q2,ADM2,fixed,6 October-2,187125.89324951172,184714.9730834961,98.71160525988729,90.39680612953805,172.0,10976.0,3310.0,26.960014939264866,33.054090874334854,26.091,16.348760055269594,56.1589390422753,3.4350580014888616,7.189865434689921,17.0,95.0261188628897,68.95639125343389,3502.523204015587
EGY,2026Q2,ADM2,fixed,A L Labban,27316.955078125,27316.955078125,100.0,77.05132777671412,3.0,478.0,144.0,31.18400881908498,33.29170470056481,22.544,22.028,41.54,1.8857817323406574,7.528533361989168,15.906502454634406,100.0,57.16061442071677,25639.552842164492
EGY,2026Q2,ADM2,fixed,A-Dakhla Oasis,111233.45494522776,73349.52108740807,65.94196064801363,0.009084594105810178,80.0,318.0,151.0,24.174479247999734,24.24981206714387,19.070999999999998,6.99274215504439,38.24986872286273,5.469938383938586,6.461864780833247,15.152338872317246,85.64854944806895,39.15437347573907,0.4150826728116375
EGY,2026Q2,ADM2,fixed,Abdin,18219.984375,18219.984375,100.0,99.59723436510585,6.0,1061.0,455.0,32.92801304710679,32.88576359981151,33.298500000000004,29.80497398707549,35.1045391380713,1.1778080783863087,10.616062675910037,16.709891673457054,100.0,100.0,10794.417001362024
EGY,2026Q2,ADM2,fixed,Abnub,414456.897131443,308545.6029815674,74.4457638700397,19.38084771397307,84.0,1026.0,209.0,23.285474307431382,23.310225129542776,17.3565,10.652030021745011,35.54386425766235,3.3368160045646933,4.841078077240413,16.0,91.4696707049388,39.2931638781102,3237.6756276695937
EGY,2026Q2,ADM2,fixed,Abour,23175.877571105957,23093.675407409668,99.64531153806762,90.67928858782248,55.0,4383.0,1269.0,30.326260986673244,41.18927493780719,28.465,22.39055982535112,78.8266982024362,3.5205327074130035,9.350884411133011,17.0,100.0,83.23713914163126,1368.5966373018437
EGY,2026Q2,ADM2,fixed,Abshaway,471809.94964538084,359342.7924013138,76.16261434745091,20.81032947939263,116.0,1163.0,300.0,22.011392467423974,22.15899800070712,18.7455,9.072343964234,36.27206461755968,3.9980918669481045,5.639179456279946,18.35384665851779,83.3000979167205,34.41218759477644,2980.4870781222057
EGY,2026Q2,ADM2,fixed,Abu Hammad,459622.9458635107,390453.98950481415,84.95093489539643,30.905594085708437,296.0,4021.0,966.0,17.972976572634675,18.734222317932165,13.8885,5.252661194627135,29.28842938155829,5.575922051000923,3.555040427223973,33.0,76.3570449881416,24.482496815020603,1730.107718683051
EGY,2026Q2,ADM2,fixed,Abu Hummus,609018.3340457578,351584.9331538677,57.7297781526971,13.007262704091737,254.0,1856.0,651.0,26.577253565054903,37.60724714424359,17.7245,4.122202167598852,82.84485642603671,20.097232755154547,7.0278433394607545,10.0,80.6112076327382,52.247796100599295,1137.8487021107808
EGY,2026Q2,ADM2,fixed,Abu Kabir,459858.1255428654,388319.7143096924,84.44337345377522,27.065149692761658,188.0,2083.0,628.0,19.581058092774015,18.179296116360373,13.116,5.541751022104153,25.312967168570385,4.567683944588199,3.0051760236974663,27.160874791254535,81.79975382574614,12.515772947312021,2395.673072390552
EGY,2026Q2,ADM2,fixed,Abu Radis,13601.013792432313,4057.7164573669434,29.83392649469028,0.0845962618453368,12.0,21.0,17.0,24.33137823730081,30.88084115462372,24.064,11.686667298657365,56.76865920973777,4.857557570434104,5.979303171335597,11.04981039808859,92.26544860962626,39.89436626101425,3.351164972537625
EGY,2026Q2,ADM2,fixed,Abu Tig,364040.90303845704,265257.16792297363,72.86466045683665,16.1909006452423,73.0,690.0,294.0,25.741109676305253,36.14537544207569,26.064,9.543913919431695,74.52262938686214,7.808392868583174,7.467004857209809,10.0,89.8334578358525,54.07303143568972,2721.7771780303638
EGY,2026Q2,ADM2,fixed,Abu Tisht,407900.7919566516,328164.61898612976,80.45206713425661,20.30877354342221,119.0,733.0,237.0,20.951948811002453,34.73905097543735,22.989,3.3314615743180216,91.02592989478217,27.32312165822172,3.7477449413131207,18.0,74.72709850127863,39.59822179249249,2309.8192557068637
EGY,2026Q2,ADM2,fixed,Abu-l-Matamir,790084.1444515807,380892.4342033863,48.209097332003076,6.78587630410318,395.0,2723.0,857.0,24.338284932597453,34.890269327211705,20.348,5.408186422313422,94.83909095820209,17.536209655589765,5.992018645551258,13.0,83.44456691918246,48.85390422171553,492.2047198554098
EGY,2026Q2,ADM2,fixed,Adfu,366289.6861287228,236622.23087247842,64.59975255468258,11.740672768390416,105.0,621.0,225.0,20.96192731345537,24.759967421718837,17.841,6.024711936523108,38.62095902087814,6.410424170946585,4.0406733312776035,26.433858967857407,79.66688467347446,40.71708522341746,1334.246843853484
EGY,2026Q2,ADM2,fixed,Aga,587060.4714844213,542084.9842910767,92.33886637272288,25.974684693973785,230.0,3216.0,1054.0,22.08810997482226,23.45330627482589,20.993000000000002,11.23579956187164,35.35400119180773,3.146549651150819,4.740446255664353,21.271066864817048,92.80497129969379,34.548248080459004,2407.8441683176757
EGY,2026Q2,ADM2,fixed,Ahnasya,416303.70387280546,330306.0698580742,79.34257293060107,12.85276225067622,92.0,818.0,227.0,19.661375954313094,22.09739681492951,18.930500000000002,10.55865003662712,35.97092016565239,3.4067726499952284,4.708538836326606,13.0,90.0667602298351,38.31530171566857,2036.9441544263266
EGY,2026Q2,ADM2,fixed,Ain Shams,636714.203125,636714.203125,100.0,97.37724975805624,29.0,11079.0,3197.0,29.573091826220313,39.58148712136253,29.578,25.33747238487506,76.10740792108292,3.0037490229891457,9.633134510443432,21.650738682551975,100.0,93.18930713569277,76429.02629339758
EGY,2026Q2,ADM2,fixed,Akhmim,455285.72180982307,395468.8439025879,86.86168376432828,32.4477971928838,89.0,2036.0,549.0,21.54166006270844,24.1214243304739,19.639,8.744949258074742,36.504080621787544,4.174304452147748,5.5038920014424875,22.0,88.38336733219656,38.2177164335124,5550.486543052415
EGY,2026Q2,ADM2,fixed,Al Amreia,846533.3354710521,698734.789940983,82.54072942705479,13.287760897080084,452.0,7701.0,2200.0,22.755110502627897,26.925886620792962,21.700499999999998,11.655343085731955,43.49950163059595,3.7321511096354127,5.316525334353235,16.0,92.44921188307117,39.86292145699032,905.9288348659798
EGY,2026Q2,ADM2,fixed,Al Attarin,82642.974609375,82642.974609375,100.0,108.41448042397818,7.0,1516.0,532.0,35.79131028045335,34.184034017109724,34.392,26.721962302486507,35.977,1.3463457358688176,12.363081076099292,13.411619082983602,100.0,100.0,46781.93147961685
EGY,2026Q2,ADM2,fixed,Al Azbakiyya,57388.982421875,57388.982421875,100.0,97.36178192616202,5.0,878.0,284.0,33.58372026653031,30.22695463649212,26.42,23.548912203675563,33.765,1.4338241914516072,8.902759595285868,22.515245484799298,100.0,82.799799730669,39895.5565961524
EGY,2026Q2,ADM2,fixed,Al Darb al-Ahmar,93076.126953125,93076.126953125,100.0,90.26613056546414,6.0,672.0,241.0,31.413692289814694,30.11461792119845,30.9155,22.42325489839325,33.188,1.4800705852199052,9.924432621589672,17.422518452948783,100.0,89.70840443381182,49971.04142264038
EGY,2026Q2,ADM2,fixed,Al Dikhila,478667.2076469343,476033.97592163086,99.44988257327088,55.34346828927916,90.0,12258.0,3816.0,41.67537972841109,45.64056749931885,32.847,20.151147287291643,77.38098614906592,3.8400288105613907,14.660634496111648,16.0,96.85692318723483,81.61633244052767,10739.988559804611
EGY,2026Q2,ADM2,fixed,Al Farafra Oasis,38695.07260130425,22579.655241966248,58.35279203276435,0.023294704101438024,30.0,135.0,46.0,32.2392273911856,52.515001422607604,39.546499999999995,5.001024941889629,140.643598563039,28.12295483371396,13.231972100472568,14.0,88.53115846907775,69.85142939729121,1.0114959651191635
EGY,2026Q2,ADM2,fixed,Al Fashn,525172.6581474798,391231.672130093,74.4958188627228,11.483406026080353,101.0,1095.0,331.0,21.177997085880268,27.763388047026382,19.77,6.442386221253483,63.66883523059266,9.882803210485685,5.580631449432329,14.047825034827161,86.47245578150522,39.97675085466573,2079.874664015931
EGY,2026Q2,ADM2,fixed,Al Gumruk,41351.256103515625,41351.256103515625,100.0,80.10107063771632,5.0,1545.0,435.0,66.02679359951125,63.657195901624036,52.473,14.243050593927034,86.788,6.093357559019326,19.59421057737327,11.584859327278913,91.32930003200144,91.32930003200144,24215.06181268485
EGY,2026Q2,ADM2,fixed,Al Hamul,317466.36683495954,185993.64601707458,58.58688209128202,6.957318029582188,162.0,1500.0,412.0,19.14229996161767,21.98718267696395,14.4315,5.007152809086442,37.559898108726806,7.501248621884906,4.473047637516706,14.858268402482361,79.77731130030288,32.922671105811965,500.34638714982776
EGY,2026Q2,ADM2,fixed,Al Khalifa,400648.8501586914,391582.1926879883,97.73700649156687,87.97421290217652,122.0,15689.0,4705.0,28.460465274260002,41.23209268812582,31.636,7.131445724154554,89.707281027968,12.579115721812908,8.220033546469944,17.0,89.2875234621831,66.57088307931485,10303.924091411986
EGY,2026Q2,ADM2,fixed,Al Khanka,784851.268810004,737210.6863021851,93.92998592203949,49.97726457702513,219.0,8654.0,2077.0,22.33964670671967,23.946599669234672,21.947,14.067637163826626,30.488490669587144,2.1672787202661814,4.94844425400592,22.0,96.19943148266793,30.481980719680042,6414.986770467234
EGY,2026Q2,ADM2,fixed,Al Manshiyya,39249.76953125,39249.76953125,100.0,86.82913807506755,2.0,195.0,101.0,29.655,29.655,28.7495,29.655,29.655,1.0,8.069,18.0,100.0,100.0,62283.2069206479
EGY,2026Q2,ADM2,fixed,Al Matariyya,516774.09375,516774.09375,100.0,103.30417141271835,23.0,5002.0,1612.0,30.405275708962996,33.658356936936,30.067,26.868463468943602,47.12044744971836,1.7537455204382408,9.333720001344696,18.912127531717395,100.0,93.80596561596928,82973.35433010872
EGY,2026Q2,ADM2,fixed,Al Raml,391787.88671875,391787.88671875,100.0,96.89736987355569,23.0,15148.0,3772.0,30.15821359106374,37.36248020341691,37.897,20.76450202163408,59.158415063575326,2.849016798088366,9.067593730203681,22.0,100.0,68.17587964605842,60380.229918236146
EGY,2026Q2,ADM2,fixed,Al Sahil,326259.140625,326259.140625,100.0,101.46845768673577,19.0,5648.0,1536.0,27.377227742891247,30.665832237766594,27.795,23.44247391284022,39.19640811226599,1.672025241789725,6.777107433383801,24.0,100.0,77.42206113207786,62243.74522465954
EGY,2026Q2,ADM2,fixed,Al Salam,726377.2747802734,725861.3006591797,99.92896609805837,97.28137598910625,109.0,15462.0,4817.0,30.669020203105315,42.25333290844338,29.484,20.276669043191944,85.60539722801155,4.221866868057121,8.877074095824856,16.0,97.97822181094864,80.16958350823398,23191.1151862396
EGY,2026Q2,ADM2,fixed,Al Sharabiyya,135942.2421875,135942.2421875,100.0,98.59784923088914,13.0,1323.0,478.0,24.611965990466594,24.53803960713886,24.479,16.3721372082695,31.854518664282054,1.9456542697548653,5.099894945290512,24.523846363228934,100.0,45.427164791927034,36824.733336959034
EGY,2026Q2,ADM2,fixed,Al Tibbin,73671.68629159406,59618.772552490234,80.92494627653547,18.971143509186234,17.0,730.0,138.0,19.80191913043856,19.037103796194106,19.808,11.506863602977313,25.365644124655887,2.2043925260479074,4.33311133432232,21.0,96.23158526154789,16.653605193968218,2919.23394474496
EGY,2026Q2,ADM2,fixed,Al Usayrat,218878.55881023407,150879.43280029297,68.93294328162322,28.81784707479986,57.0,528.0,141.0,19.29293407122262,32.80939297529707,18.294,3.562069351433547,81.12691824173679,22.775221433880123,3.6479259426795094,24.0,68.5974219448998,44.30678509420988,3687.992529605682
EGY,2026Q2,ADM2,fixed,Al Waqf,91207.97816751897,71513.68136118352,78.4072652392716,20.029105598612176,27.0,122.0,48.0,18.669879069570154,43.66217594904118,17.246,6.9854620527327205,138.94161114581144,19.890110360195475,5.302616630815274,21.11828098220974,74.1535219464728,38.752890472756775,2243.435173328895
EGY,2026Q2,ADM2,fixed,Al Wasta,529361.9236781001,423276.3912702799,79.95973498231244,15.243076709292959,105.0,1215.0,385.0,22.19933733285585,23.07944077316927,20.342,8.810089304948654,35.910020933820725,4.076011001801078,4.643032158590303,15.963178476836752,88.95757952125413,41.03768487267186,2703.808337015546
EGY,2026Q2,ADM2,fixed,Al Wayli,72085.19482421875,72085.19482421875,100.0,84.38270865600713,15.0,2158.0,608.0,35.97908584558171,48.40918585495133,32.813,22.825156032707408,102.26922849662547,4.4805489325057986,13.661184733241363,16.1176592457945,93.03156766499704,85.26256651166916,14480.299985013067
EGY,2026Q2,ADM2,fixed,Al Zahir,60970.375,60970.375,100.0,85.29206633220589,6.0,1425.0,416.0,28.140470036936154,28.776359356799084,28.2215,27.178,33.18742784797832,1.2211136893067305,7.861024214543331,22.906936259340252,100.0,100.0,30945.55274967292
EGY,2026Q2,ADM2,fixed,Al Zaytun,403932.1181640625,403932.1181640625,100.0,92.05311575738634,27.0,9746.0,2718.0,44.38075932861497,50.04836430739298,44.452,21.688081086475506,93.98289731737736,4.333389244656793,13.117809385391851,19.0,100.0,75.02135905821687,49209.255074490175
EGY,2026Q2,ADM2,fixed,Al- Badari,227567.73938560486,157841.6616821289,69.36029777694993,20.934073524138213,49.0,553.0,114.0,25.43228476558667,25.331305099832278,20.455,6.077278967844989,37.04751076444017,6.096068809817573,4.852289910278585,12.44178309222149,87.39171985053439,53.917300872468076,3273.556415508508
EGY,2026Q2,ADM2,fixed,Al-Aguza,180854.828125,180854.828125,100.0,108.6368885555243,21.0,9689.0,2713.0,49.88094327935803,57.47373124660246,53.184,30.975057636207048,89.02820228916207,2.8741900446085413,14.38588046969305,13.0,100.0,100.0,33401.993023800525
EGY,2026Q2,ADM2,fixed,Al-Ahram,703200.7133789062,703200.7133789062,100.0,97.69034919725323,70.0,21226.0,6465.0,74.05028386485546,64.830469130005,67.2525,24.518543990604847,91.04744829448596,3.7134117070481034,23.79459555037675,13.0,97.43053994304076,89.73627329420846,34988.3505005773
EGY,2026Q2,ADM2,fixed,Al-Arab,59726.9296875,59726.9296875,100.0,114.14263439566025,7.0,1333.0,349.0,27.46050657768401,27.554286780052244,25.729,24.506374256917546,31.14751849511693,1.2709966055596638,7.989692088728238,20.58921436417433,100.0,80.75799375222675,35645.72560022368
EGY,2026Q2,ADM2,fixed,Al-Arbiin,498962.6666793525,494607.9247741699,99.12724093484512,65.0168382881853,86.0,4137.0,1354.0,30.19410703466005,35.86083419102093,30.149500000000003,24.639482724730534,63.845675179973185,2.591193812518295,8.944533225829502,17.0,99.26193742510324,87.61558514773135,13444.182781284007
EGY,2026Q2,ADM2,fixed,Al-Bagur,440926.54144382477,372947.98888778687,84.58279414674371,37.507529526518624,224.0,3089.0,675.0,19.727897353620488,21.506357265949866,16.731499999999997,9.004125606221187,34.09043282341674,3.786090322847425,3.7295173198787515,23.0,86.82717433112079,33.03786373758511,2655.254100799643
EGY,2026Q2,ADM2,fixed,Al-Balyana,562733.4713040981,451567.48976135254,80.24535820037048,28.665436365287487,144.0,1031.0,315.0,16.648694873679037,22.12463672000466,9.9865,3.0499526831418957,50.07384149427697,16.41790765183072,2.823069580003916,26.0,61.46895710729312,28.849632929787468,3723.2232063279107
EGY,2026Q2,ADM2,fixed,Al-Dawahy,142351.10546875,142351.10546875,100.0,96.4680212494566,15.0,1532.0,533.0,31.195447913264758,33.79669445169326,31.178,25.730673107272857,41.548814155244266,1.614758151954461,8.660850616898685,18.72269758701543,100.0,95.92619355186177,33496.230647091914
EGY,2026Q2,ADM2,fixed,Al-Dilingat,415713.1246301532,213204.02519273758,51.28633486912843,11.091862237213956,214.0,1249.0,392.0,18.726365848010865,23.191770418516125,10.668,3.9285129597332284,39.78873387163351,10.128192086792918,3.669894842942639,17.0,73.9776836147751,26.805497238524527,781.2404767488212
EGY,2026Q2,ADM2,fixed,Al-Ganayin,61349.65479359361,30959.915088586073,50.464693228916154,1.1316653992998023,48.0,320.0,77.0,28.37297415165076,26.48241684498423,23.578,8.281448936498618,42.243097895194644,5.100930793525481,5.396032727627377,10.0,87.57755487097761,63.747692983583036,51.67173111524971
EGY,2026Q2,ADM2,fixed,Al-Ganoub,33148.71129040196,20169.200681209564,60.844599672414574,6.618147230615802,43.0,185.0,77.0,20.890622234786868,21.187029556109817,14.11,15.388437234756559,27.066830646364046,1.7589070438699577,5.4960672377374395,28.0,93.23489477567995,23.865659197136292,186.2405905166384
EGY,2026Q2,ADM2,fixed,Al-Ganoub 2,46577.03787101559,25025.151412963867,53.728516360927195,3.2482683089646773,21.0,81.0,31.0,15.07429745185514,17.262164079894617,13.311,2.366422497104266,40.36371709244622,17.056851488623998,3.314056067250918,26.0,66.49485132274361,17.52775975979581,262.09357812180855
EGY,2026Q2,ADM2,fixed,Al-Ghanayem,153159.17147636414,111331.20098876953,72.68986892237818,21.40295771845825,33.0,98.0,58.0,20.95357849947194,19.758735789761378,20.495,6.131202799412408,30.138255409838074,4.915553504889189,4.527155779305558,7.0,79.17089444837183,19.455756093275646,3340.52707874439
EGY,2026Q2,ADM2,fixed,Al-Hammam,67177.24563227463,52982.79305487871,78.87014800354312,0.24531071906767224,181.0,1963.0,620.0,24.79797280458567,26.40548949255741,19.932,10.956389076525822,41.30831608844404,3.770249103050524,5.484664885819913,14.6438346857141,95.23334210685289,42.14882921489059,3.2957912957199067
EGY,2026Q2,ADM2,fixed,Al-Hasna,6387.7691894504305,1229.6269073486328,19.249707853868518,0.0191607162894949,4.0,31.0,6.0,128.81913039584188,134.5846817992007,83.2705,32.364676720340505,246.651,7.6209937806974954,56.517758256836096,7.905217895488695,100.0,100.0,1.1014174351268833
EGY,2026Q2,ADM2,fixed,Al-Husayniya,658867.4294030828,435103.10608291626,66.03803537186664,8.97428997156986,377.0,2329.0,856.0,42.19241069194978,49.74812834670063,15.548,5.113958943502698,97.41654957893189,19.049145809568913,21.39677832459721,18.0,82.72175334596116,60.90579378598656,569.4532585511679
EGY,2026Q2,ADM2,fixed,Al-Kharga Oasis,128816.11771907662,94508.06508864462,73.36664600834244,0.025640031955356146,70.0,427.0,182.0,25.292605078778177,32.74764258858094,25.917,3.0353903156737316,84.85180952079799,27.954167568714926,5.467461166932038,12.0,86.3845235013361,50.996009692213285,1.5505349375613136
EGY,2026Q2,ADM2,fixed,Al-Mahmudiyya,259859.76167869568,170769.45405578613,65.71600503002635,17.274653139789624,103.0,840.0,297.0,18.83367697108212,19.79730735935859,16.563,5.17868112755377,33.01609374748432,6.375386499821042,3.1239608687072815,19.0,83.29604688797664,27.40575929040959,1592.5848600261563
EGY,2026Q2,ADM2,fixed,Al-Manasra,55940.57137316314,53103.6325712204,94.92865601422203,8.374446110993006,15.0,279.0,121.0,25.42294430020757,32.992361875515044,29.943,22.028604881891397,59.48418379470583,2.7003155267270134,6.847002882947939,15.0,99.95461283926421,44.401398017668924,1143.9357522496807
EGY,2026Q2,ADM2,fixed,Al-Maragha,455888.0057374146,363053.3648529053,79.63652482272569,24.58796624600034,127.0,996.0,320.0,21.435749221166347,30.513235030699615,18.609,8.226263762279046,64.57188353731568,7.849478864682836,3.8757667776570286,20.658836731939452,86.67516383908318,34.18398406822068,2956.083777176106
EGY,2026Q2,ADM2,fixed,Al-Minshat,417552.31715267897,289147.3832702637,69.24818074103425,17.3883210315681,73.0,477.0,154.0,23.322593076281574,22.57484419460274,19.379,6.003397765008195,34.51222888391283,5.748782645233523,3.7503684795580225,19.0,81.82716582206565,41.471299931909385,3319.1618890743507
EGY,2026Q2,ADM2,fixed,Al-Munakh,108677.845703125,108677.845703125,100.0,79.31751485451574,10.0,1432.0,444.0,27.535720212673542,35.59179219524068,27.7265,24.99358783125936,60.065468211073565,2.403235126409101,7.304081555975714,24.951065911997766,100.0,91.97080217748051,31551.9305940284
EGY,2026Q2,ADM2,fixed,Al-Qanayat,74866.36447548866,70885.05143737793,94.68210715719444,42.96759875542306,28.0,403.0,129.0,17.472466253855664,21.154005638544543,20.442500000000003,16.44153563705365,33.46393592268361,2.035329099507423,4.338328476897532,20.83434466210718,99.7186417292878,19.849180732456475,4149.662031537388
EGY,2026Q2,ADM2,fixed,Al-Qusia,514131.03770602174,399582.3903102875,77.7199509473628,18.750423898989776,120.0,1377.0,427.0,13.664365091407495,15.22998538174912,12.293,3.0690540249726905,24.866985562144393,8.102491959999195,3.98604371096924,29.0,65.70576126398434,9.604438055743875,2726.6100750031874
EGY,2026Q2,ADM2,fixed,Al-Rahmaniyya,193870.20719763546,153677.61706852913,79.26829980217995,19.599900131559316,86.0,586.0,193.0,21.293701215444145,20.75715354971252,17.6565,7.387817386163673,31.778073627077106,4.301415690998657,4.453721843968359,15.416337997845153,88.02763451421951,24.789471554221546,1611.7114369435644
EGY,2026Q2,ADM2,fixed,Al-Salhiyya,166811.55951780904,97066.25098323822,58.189163427175615,4.569248898858604,90.0,855.0,206.0,20.13569997613596,20.99956726185861,11.725999999999999,7.426619018473085,38.55805852513504,5.191872429328223,4.310782790613782,23.659695075831937,76.35743216219312,24.132535174023186,305.8070455615843
EGY,2026Q2,ADM2,fixed,Al-Sharq,29775.658935546875,22951.267578125,77.08063699885157,64.57910860586101,11.0,1739.0,497.0,27.337854125874703,24.572100850181176,25.686,11.42602839725834,30.51174091661668,2.6703715285652474,7.378372556004658,19.93029548111594,88.43539230103423,75.35769094554158,6397.6196420169235
EGY,2026Q2,ADM2,fixed,Al-Shuhada,393142.7263274193,354519.3349914551,90.17573294646239,22.79986261135777,128.0,2043.0,640.0,57.211661922076196,58.68415169758354,47.3335,17.037112477729025,103.58881105087262,6.0801858992411,27.839862970246994,10.0,95.11190800126363,75.2475954559229,2527.57307200619
EGY,2026Q2,ADM2,fixed,Al-Tur,48355.78137362604,40382.30462149948,83.51080982329982,0.35995910142749543,56.0,540.0,255.0,23.80576198957443,28.995686203172525,27.817,17.637442604878505,40.929099612942686,2.320580173092766,8.762751283785498,14.0,98.55097265931154,47.38804890828918,10.721721092917353
EGY,2026Q2,ADM2,fixed,Al-Zohour,193557.458984375,193557.458984375,100.0,96.48908222684042,18.0,2030.0,700.0,28.163768896840068,27.677787966628237,27.024,23.495917114672025,31.10881356497553,1.3240093337556775,7.92337087325846,20.012618198892646,100.0,64.25564259263002,37977.01588711446
EGY,2026Q2,ADM2,fixed,Alamn,20940.93777787232,17954.277713076874,85.7376966758797,2.2515879171065474,125.0,1480.0,532.0,34.16587482041905,53.170755299267206,37.002,2.384008300761262,121.0329725452164,50.76868755304591,22.61411532460896,11.0,84.90750578517851,57.53782950363272,13.70144362385822
EGY,2026Q2,ADM2,fixed,Alfath,317695.76126003265,226724.86601257324,71.36540478643651,20.683034651651994,55.0,324.0,120.0,18.214940278951158,24.528554788248584,18.659,3.1328869424180743,45.14075101089121,14.408675397666908,2.8533668545042294,13.0,63.68703125869358,41.37276923800975,4040.0763734259385
EGY,2026Q2,ADM2,fixed,Armant,208669.22390149167,154510.92622852325,74.04586231722632,15.46767673543717,61.0,437.0,139.0,23.530713144743512,27.849179432921126,21.716,4.589456097720103,51.57978969813756,11.23875871124702,8.929712061651866,19.0,78.67442510378135,46.60294620143179,1740.3281041134298
EGY,2026Q2,ADM2,fixed,Ashmun,907529.0007505417,791912.4027099609,87.260286123643,37.51880736160789,408.0,4166.0,1727.0,50.96307591981243,56.14469364930411,41.498000000000005,9.560499973884605,105.99036151319629,11.086278102894077,23.763243662087355,15.0,89.64116052822708,70.69958287324721,2994.5419469337553
EGY,2026Q2,ADM2,fixed,Assuit,573591.7164234323,460718.4594192505,80.32167240698827,18.36118002295891,126.0,1880.0,548.0,23.48079173224255,23.674143009156218,19.991999999999997,6.4467694852141895,40.50453562585329,6.282919797078422,4.7862047916363615,12.0,81.03982646781627,38.34152788643435,2824.320702826165
EGY,2026Q2,ADM2,fixed,Assuit City,1168.4158700140738,1120.0677816867828,95.86208219452647,27.027711339548123,10.0,224.0,46.0,31.753800050804955,45.36984685119949,43.7945,18.808475150824044,114.85893408433817,6.106764804870741,8.303037296327819,16.481084560374068,100.0,93.97111392964351,106.89023378278821
EGY,2026Q2,ADM2,fixed,Aswan (1),253071.9079017192,248662.39252471924,98.2576037721609,46.17209361617874,63.0,1350.0,496.0,24.263470902047768,27.17503482896799,24.555,16.80572601851987,40.523580717463375,2.411296047121468,5.6330702145670655,29.4972365071845,98.21760000217344,48.56156204619421,5949.607864230211
EGY,2026Q2,ADM2,fixed,Aswan (2),70770.40925738293,44846.744060605764,63.3693439549062,10.543565561208627,44.0,216.0,85.0,9.367736281177937,14.648886524435383,12.61,7.2943814844817165,27.39403010568735,3.755497318582284,4.014610961252203,36.0,48.52507070384754,16.31293786847054,544.5573725841305
EGY,2026Q2,ADM2,fixed,Ataqa,63797.255447324635,45584.30789917304,71.45183218235861,0.8951484522011695,220.0,1649.0,859.0,28.104402063956783,37.35296818002386,26.105,7.066449537960762,54.93184162701881,7.773612665303355,9.281726979670726,20.0,86.0829229177676,53.21454784260773,9.184613083345832
EGY,2026Q2,ADM2,fixed,Atfeh,360400.3537506645,329600.76465537003,91.45406246837301,24.97353503684484,106.0,963.0,330.0,18.934808002320818,29.232100160955518,17.399500000000003,7.20200307550583,77.26644658883606,10.728466202912482,3.213989730456146,16.0,84.3230026690744,31.782116702515562,2990.9104993494198
EGY,2026Q2,ADM2,fixed,Atsa,771442.0510008304,506150.0367641449,65.610895349494,8.94153129486916,142.0,1770.0,389.0,21.078914937289795,30.703977487916642,18.086,5.807548096074629,77.19348250568049,13.291923067818624,3.9803326444047396,23.882258130508887,79.11609204282274,43.77182565305669,1704.8519711779313
EGY,2026Q2,ADM2,fixed,Auseem,283593.17638501525,275027.9663391113,96.97975453602751,39.13618521565256,72.0,2194.0,591.0,23.27865082156136,23.692240398457816,22.3305,15.969803858038212,29.69415252837931,1.8593936902633346,5.791567226822654,14.636443148440272,94.48664687225127,40.503241193309975,5510.006150752864
EGY,2026Q2,ADM2,fixed,Awlad Saqr,331362.0362601,210567.49632024765,63.546053342985964,12.540916945029544,142.0,1338.0,353.0,16.83872916173533,18.860271587976648,13.2915,4.47619739195183,29.620097088505247,6.617245508824514,3.145903819594326,31.878026570292796,76.62840437273543,17.96236026518838,1064.1237815386621
EGY,2026Q2,ADM2,fixed,Ayat,547985.2988034785,473585.9681582451,86.42311558217278,23.032115736949073,132.0,1315.0,368.0,16.938188854408807,17.48544134736457,16.913,5.610162044152699,27.430503458321006,4.889431578346473,3.3140968641715665,20.725420255431356,82.76348938484888,19.924826765359416,3381.258537982264
EGY,2026Q2,ADM2,fixed,Bab Al-Shariyya,35552.98828125,35552.98828125,100.0,114.40756608836115,4.0,742.0,244.0,26.326557668332324,26.537454236647473,26.3345,26.087,28.056862005221817,1.0755112510147513,8.470426497986539,16.849627165163028,100.0,100.0,36302.26814515757
EGY,2026Q2,ADM2,fixed,Bab Sharqi,210812.375,210812.375,100.0,99.59882910542474,23.0,8757.0,2377.0,29.1295744997903,35.94724663882074,29.567,24.88366433030292,65.23689953485088,2.621675757593565,8.26107857388077,23.0,100.0,89.91837979545494,33371.53571449642
EGY,2026Q2,ADM2,fixed,Badr (1),45248.80213590711,44619.94306422025,98.6102194047081,69.82118298286504,202.0,8435.0,2773.0,34.29899838615987,50.316004930832584,49.4045,19.71508479761021,104.85738189306969,5.318637123274261,12.107178970242948,18.0,95.80062491734704,75.45727437046307,559.320850529266
EGY,2026Q2,ADM2,fixed,Badr (2),251746.20136274083,165147.70877742767,65.60087416749798,5.952861611305867,163.0,1625.0,453.0,18.192452958067967,21.448161434521445,11.741,7.100048646815432,33.676090681904064,4.7430788656650575,3.7392074784284066,20.0,80.771326108177,23.09235312979657,331.88245038136364
EGY,2026Q2,ADM2,fixed,Badrashain,607726.5548677465,565385.4166870117,93.03286357300134,37.47165398560244,158.0,3059.0,764.0,18.965592631255586,19.286027931977955,17.925,8.191392902184472,28.233154319838278,3.446685399782141,3.417714436437264,21.0,87.96227094959465,21.94785275503531,5121.1113623036035
EGY,2026Q2,ADM2,fixed,Bahariya Oasis,530.106431162159,0.0,0.0,0.16769521785593394,1.0,4.0,2.0,26.55,26.55,26.55,26.55,26.55,1.0,21.756,10.0,100.0,100.0,3.0698030001447933
EGY,2026Q2,ADM2,fixed,Banha (1),193613.74880981445,192449.8359375,99.39884802630532,87.29782118751807,39.0,3176.0,922.0,26.285486738232702,27.17388711102232,26.551,21.089460067188977,33.25486955945258,1.5768478402721449,5.567833288736601,24.018744070068983,98.44701069569888,61.620269607361344,15599.76772596488
EGY,2026Q2,ADM2,fixed,Banha (2),512198.2153778076,441605.90353393555,86.21777473554808,37.077140914835965,218.0,3409.0,983.0,20.51044623552442,22.929965697857465,19.875,10.59599638261034,34.91775442811361,3.2953724375952995,4.142830575387226,22.0,90.93096962645603,30.65179334734497,3134.7870452740453
EGY,2026Q2,ADM2,fixed,Bani Swayf (1),324837.24981689453,312212.0112915039,96.11336491350445,69.47505972831343,44.0,2935.0,1049.0,33.278259269311164,36.61071398089365,30.841500000000003,22.225262511681954,56.1293600121288,2.5254756825763613,10.804790651950858,16.0,99.09637951988323,76.87139056751032,17957.91436552172
EGY,2026Q2,ADM2,fixed,Bani Swayf (2),440515.1739613359,366770.5077972412,83.2594492714189,24.499966070922923,152.0,2169.0,705.0,23.28091168966439,24.754573991820784,22.600499999999997,9.646554511068834,42.816497985268505,4.4385275526240155,5.193359048660936,12.0,88.7923704674346,41.60738439587986,2485.904772294025
EGY,2026Q2,ADM2,fixed,Bani Swayf City,3057.436898654449,1283.3862981796265,41.97588832477404,1.6368837577102768,13.0,32.0,21.0,17.031914098511265,19.63811955706456,37.044,4.0368213984145465,33.262697473365975,8.239823908590514,2.8726820075917905,11.611346699153474,97.76590816695348,17.87897608438271,13.470979800055286
EGY,2026Q2,ADM2,fixed,Bany Abeed,147004.6101678727,124434.2303609848,84.64648164359366,17.689682284835445,71.0,951.0,235.0,20.305238020264305,22.638519074413708,16.268,10.490939830885214,35.64992448721521,3.3981630875684004,4.190472112145362,23.0,90.98640239777482,39.48534696414055,1333.868934724938
EGY,2026Q2,ADM2,fixed,Basatin,1063829.9052734375,1063071.6278076172,99.9287219261217,92.20088286803009,98.0,26437.0,7060.0,27.715046228040915,36.17739481521636,30.1355,22.771755764211715,56.52472776836025,2.4822296687897465,7.34111090023066,20.0,99.79801818894151,72.81264821831068,35673.89448242116
EGY,2026Q2,ADM2,fixed,Basyun,318873.55900371075,265612.26490211487,83.29704906609203,20.39263040262121,123.0,1274.0,421.0,20.49013451115269,20.978667874636823,19.412,9.174722127825133,33.28998729292197,3.6284463800772744,3.5569354504849993,19.0,89.77791343388847,25.944838657448766,1922.174909107931
EGY,2026Q2,ADM2,fixed,Biba,510774.19915748946,444594.62314867973,87.04328133293117,25.312207581355594,160.0,1710.0,531.0,38.626289527586465,52.765865153896655,34.7555,12.667844403660716,112.50376180537866,8.881050178739775,19.49600660639849,9.0,94.63052467762574,72.57811419017744,2822.4203926336822
EGY,2026Q2,ADM2,fixed,Bilbis,901642.0095418394,752974.3410758972,83.51145278362904,24.684970288127158,305.0,4635.0,1282.0,20.993161000577384,20.25396591783236,18.154,8.127574012358918,30.621037496341756,3.767549511056918,4.029997167680489,27.81743805432355,86.92282370171417,26.350797261833947,2624.313459693263
EGY,2026Q2,ADM2,fixed,Bilqas,582029.5380341763,411280.6212720871,70.66318707143296,11.40161484660625,284.0,5313.0,1318.0,21.021482529229562,23.721881980384893,18.2975,7.44499742499314,42.41764378351995,5.6974692349956095,3.9756705073931675,23.372561324728064,80.78720068618277,37.60715566173099,856.214231580325
EGY,2026Q2,ADM2,fixed,Bir Al-Abd,81959.39073237784,49956.93370437622,60.95327607729625,0.26345508409386753,50.0,440.0,112.0,38.44568436613889,53.090622076273526,28.523000000000003,8.935340617513358,107.73600644447772,12.057291496343638,13.603630356827653,18.489199511559892,89.37444075095914,64.64971767360203,15.680722746469488
EGY,2026Q2,ADM2,fixed,Birkat Al-Sab,335051.33926677704,304886.3857088089,90.99691598786598,29.25261723376895,127.0,2829.0,695.0,19.762771390826884,20.837162068844354,18.195,10.109808847689836,30.4857954595819,3.0154670497601073,3.1735153791456336,28.0,90.95511027063297,21.56816590386649,2788.249298811894
EGY,2026Q2,ADM2,fixed,Biyalu,332937.14051806007,220927.12147545815,66.3570069508283,11.092433054749023,152.0,2111.0,482.0,20.268737023178062,21.02318641660698,14.1705,6.2989945219042465,30.740073024318402,4.880155541876132,3.5440618260444765,21.0,83.23281908625462,32.5068598122992,888.619790594459
EGY,2026Q2,ADM2,fixed,Bulaq,70270.220703125,70270.220703125,100.0,108.0208371602482,8.0,676.0,182.0,28.443134255068667,29.05882079765124,28.5475,19.37008318711015,40.30883508487124,2.08098409777067,8.598232128897932,17.761738173321177,100.0,90.5015939931251,33875.29227529087
EGY,2026Q2,ADM2,fixed,Bulaq Al-DakrUr,640574.951171875,640574.951171875,100.0,97.2381707114766,32.0,9615.0,2638.0,24.068361206391597,28.411684592008204,24.2145,21.682607244824613,43.612549132076225,2.0114070526498162,5.665352918751795,20.9269266468499,100.0,41.495409157777694,69448.31013042084
EGY,2026Q2,ADM2,fixed,Burg Al-Arab City,45980.72713283364,40956.41510915756,89.073004415173,25.992493746677084,116.0,1880.0,620.0,29.101929415178645,30.863623290122433,27.936500000000002,11.125842531286283,47.496374320619,4.269013711730813,7.652181820824442,18.0,93.60800964690432,65.38591204756273,373.993209727152
EGY,2026Q2,ADM2,fixed,Burg al-Arab,129011.04206644888,95550.50994110107,74.06382307328894,13.068042405283736,203.0,2600.0,754.0,42.789865107537416,57.945130712737225,31.091,10.120168818231887,114.93576985342085,11.357100056113637,20.478349564999352,15.0,90.25650610114542,70.3242835109193,301.83149912868254
EGY,2026Q2,ADM2,fixed,Burullus,188620.07558591946,138740.19678878784,73.55537121794306,6.960904201460616,64.0,795.0,227.0,24.91028019186873,25.451564340643362,17.9715,15.456886672261271,36.279378469503015,2.347133626502517,4.928725094116066,13.0,94.92553314760511,50.93929605410929,755.7987241813502
EGY,2026Q2,ADM2,fixed,Daba,40774.58946785112,23875.47971161795,58.55480097584468,0.1500493010520624,117.0,850.0,332.0,35.55356163534246,39.60466094206607,32.266,13.486433288184363,67.73736798191936,5.022630263649095,9.823227620231775,24.878396151658205,91.71560459036218,61.181275737133724,1.9046247612885658
EGY,2026Q2,ADM2,fixed,Dahab,140.0483721357022,2.2865641117095947,1.6326959584321268,0.02653781704846854,1.0,6.0,6.0,24.818,24.818,24.818,24.818,24.818,1.0,12.988,17.0,100.0,0.0,0.12882399564635214
EGY,2026Q2,ADM2,fixed,Damanhur (1),367396.4708766937,364428.58435058594,99.19218425832297,79.15286405496279,47.0,4656.0,1586.0,24.76769236831736,28.349635277890634,26.653,20.13659580990644,39.14261499302864,1.9438546297766954,6.606405128861841,16.0,99.38855067579746,47.026310155818194,22539.47862324909
EGY,2026Q2,ADM2,fixed,Damanhur (2),572179.453708697,398768.0566177368,69.69283046307254,19.251411572014078,262.0,2370.0,709.0,27.375048259967,41.29156999856213,22.7805,5.165716280931264,95.38123570470763,18.4642807536291,7.762539442327217,10.0,79.85964096343358,53.26108132601678,1531.2367891440476
EGY,2026Q2,ADM2,fixed,Dar al-Salam,438476.55964885204,296453.34533691406,67.60985024474847,15.553480424512808,94.0,719.0,204.0,15.030972602513225,21.905052858230572,15.4905,6.105203091334254,36.715279738013024,6.0137687786548515,2.7009890127342047,27.0,73.35217159215775,24.017436367289196,2412.5093678389917
EGY,2026Q2,ADM2,fixed,Daraw,66831.79340891703,45944.550354003906,68.74654713047661,11.44342660233033,24.0,92.0,33.0,18.26493346273405,20.346104812474543,22.775,6.230349778991163,34.95471770342003,5.610394110020578,4.742187794467533,17.0,89.15385074945985,31.73090692302455,1027.9671960461474
EGY,2026Q2,ADM2,fixed,Dayrut,672666.5743673141,579865.1760334969,86.20395276499313,19.627215227364495,148.0,1658.0,563.0,22.649070529810377,31.927805277522047,20.8465,7.085681331477679,75.5609163934915,10.663888602753984,5.243825859993697,14.763768643336114,84.45302026974613,40.11601131109337,3034.7369771925523
EGY,2026Q2,ADM2,fixed,Dikirnis,338771.25819958904,270439.93848335743,79.82965849010313,18.66170730077251,151.0,3650.0,905.0,27.766143182982066,36.83481836774049,23.026,14.64438038759861,76.19933391357047,5.203315667633082,7.424472504021606,21.0,93.92072875869614,62.09693275910525,1527.041021925788
EGY,2026Q2,ADM2,fixed,Dishna,416617.82262422796,256740.76419067383,61.62500744051062,9.828161074630911,59.0,387.0,150.0,22.396499112935473,26.378281034189154,23.195,9.286745879319579,43.447489585784574,4.678440666987206,5.677638514131354,15.0,88.51821149468117,42.311432566682676,2302.5403789219786
EGY,2026Q2,ADM2,fixed,Disuq (1),70492.03204345703,67563.98834228516,95.84627706665232,54.789162754980424,16.0,885.0,269.0,31.009080840744183,34.89966568525357,27.645,18.378401888029167,58.09915698843252,3.161273615758484,6.8351913678234295,16.603010486151973,96.97265448700038,64.54156676920546,8812.43343034028
EGY,2026Q2,ADM2,fixed,Disuq (2),543510.7723737896,448227.34022140503,82.46889721500219,17.89576852340016,196.0,2176.0,652.0,15.935298892738505,19.175991379764035,13.7685,6.868829443691596,34.89530427921727,5.080240318278026,2.780144998147176,19.0,83.39695321313104,22.708310603329192,1812.3898824615637
EGY,2026Q2,ADM2,fixed,Dumyat,195543.04641596787,190324.3078417778,97.3311561470263,17.158369488098458,124.0,1964.0,612.0,22.670040763950222,22.937199110310814,23.5385,9.057279695584619,31.908676893884024,3.5229868091011207,3.851938531025797,21.0,89.81647504257786,38.66451328943897,993.9619978424334
EGY,2026Q2,ADM2,fixed,Dumyat 1,165255.44018554688,165255.44018554688,100.0,91.35295003171709,25.0,1138.0,403.0,26.236555986873736,26.079608878128692,23.25,22.868950287247216,33.31397959105537,1.4567340945960596,6.794530161591324,22.0,99.05946660241109,69.43176349299051,22169.460548832252
EGY,2026Q2,ADM2,fixed,Dumyat 2,250817.73974609375,250817.73974609375,100.0,101.80761380181468,18.0,1158.0,295.0,24.697726337188886,24.622696832648103,22.512,19.35780248904528,29.112885736861273,1.5039354675375196,4.900279348275536,18.64764211422552,99.17771481006437,46.01135052047454,52102.78758944706
EGY,2026Q2,ADM2,fixed,Dumyat Al-Gadida,94150.13708364964,79950.1305770874,84.91769959512014,40.772721459125535,126.0,6438.0,1850.0,25.690048477108306,37.0584600932862,28.963,12.465125138568263,82.50990585808525,6.619260131034856,5.5263773510602245,17.0,94.53547598720976,53.36798451186693,1119.2695028111764
EGY,2026Q2,ADM2,fixed,DuqqI,93778.12329101562,93778.12329101562,100.0,102.17774933025353,19.0,7554.0,2345.0,43.865531546428116,49.524775564639924,40.286,28.323404228128833,83.32479028837737,2.941905909940903,16.2134377214319,19.0,100.0,92.02537144824333,17997.76061469303
EGY,2026Q2,ADM2,fixed,Dyarb Nigm,558234.151519537,473656.46005916595,84.84906535543428,27.191644166268386,213.0,3340.0,905.0,17.71614111683889,20.21396389026246,16.121,8.74303582676671,33.87224860822036,3.8741976218970575,3.051704776914476,26.0,84.76471317542084,29.081835806138017,2580.505574226102
EGY,2026Q2,ADM2,fixed,E Mansora 2,226309.20290374756,224222.88083648682,99.07810993079761,68.4882125725546,48.0,9737.0,2326.0,61.78933660864227,55.201505106596414,29.192,17.015359937984645,90.76938878186964,5.334555902002309,19.969898659506452,19.158780686025604,96.38973372173535,75.02176553061621,11764.431572332647
EGY,2026Q2,ADM2,fixed,El Arish 1,121509.74849173751,114255.1311340332,94.02960054830695,39.7179784460822,72.0,876.0,422.0,28.13538375437556,35.46424820815519,30.313000000000002,11.729840074582365,56.53246631343649,4.81954280313999,8.161096629074724,15.10211838445192,95.76510775279868,61.75376289829052,2446.557336716934
EGY,2026Q2,ADM2,fixed,El Arish 2,39881.43632363592,36953.17198753357,92.6575755388055,15.872144624662871,35.0,490.0,176.0,35.991981288470754,43.40119523058115,30.141,19.025872139131984,71.42337017841545,3.754012938598146,11.389799414195759,16.484480814397575,99.93569206666122,73.44614856271417,659.959290030995
EGY,2026Q2,ADM2,fixed,El Arish 3,20565.423848022176,1131.1832389831543,5.500412961787524,0.48521256963018244,3.0,5.0,3.0,22.513776875221147,22.683017186528097,21.695,17.833773142760272,34.806276682341945,1.9517056992772033,19.65396132662327,32.91500847925701,100.0,7.115894415479343,121.25269767469328
EGY,2026Q2,ADM2,fixed,El Arish 4,14636.300961880732,3442.363235473633,23.51935263178202,0.15838534957926548,8.0,30.0,12.0,30.127535593883486,54.02456839741832,33.05,6.088127623565285,153.123,25.15108247851237,14.741431838604164,17.885767164232004,93.07339107900344,50.641604941850616,10.519351510007564
EGY,2026Q2,ADM2,fixed,El Mahalla El Kobra,872543.7174112655,747502.965467751,85.66939977351558,22.610602490131114,357.0,5256.0,1420.0,17.315779014136748,16.966738072460004,15.078,6.2501959171913155,25.662774904238,4.105915277575846,2.8150980172734257,26.44255320155888,77.54589509858934,11.309321360532328,2012.1785234145784
EGY,2026Q2,ADM2,fixed,El Mahalla El Kobra 1,325843.3874511719,325843.3874511719,100.0,85.1079108714702,26.0,5017.0,1189.0,21.290915374371792,22.203756021934428,20.1205,16.852254257853417,26.416087382321287,1.5675106118228053,4.692335732060641,26.393947773035805,100.0,19.123637886461463,38800.44664170984
EGY,2026Q2,ADM2,fixed,El Mahalla El Kobra 2,303610.7960205078,300984.8245239258,99.13508625813007,64.07172409970632,32.0,3190.0,961.0,22.40596108278832,23.33983645393479,20.366,13.475575861661302,38.61822867644836,2.8657943135713544,4.640064299137672,29.71274530063066,95.61778022990897,24.53060460508284,22109.953462211204
EGY,2026Q2,ADM2,fixed,El Mansora,631391.1898391271,543252.8742925122,86.04061682123378,21.565787591528455,228.0,6979.0,1907.0,21.094593080797402,24.403518311534107,19.8735,10.769907476858029,36.359004503283835,3.3759811383162477,3.603745537259653,22.277186840368646,92.34665830850203,30.016162480458675,2175.3678949166438
EGY,2026Q2,ADM2,fixed,El Mansora 1,445506.2621459961,444752.7412109375,99.830861875784,89.96150557852604,36.0,11484.0,2885.0,33.1326480060515,38.59931644409747,30.2075,20.18019756642984,64.59879332663078,3.201098161402154,7.656861419554115,23.166800753283077,100.0,71.75056884103185,40547.75271400089
EGY,2026Q2,ADM2,fixed,El-Ibrahimiya,209161.5453890562,177852.43048858643,85.03113235167943,23.925518138127575,66.0,760.0,211.0,16.970588835953127,16.383754117932508,17.117,5.385267488300146,28.55807806728334,5.303000849879356,2.686765775929401,28.2612133903371,68.0831400021755,15.943736686180873,2744.0943801273024
EGY,2026Q2,ADM2,fixed,Faqus (1),92167.9966430664,91879.52001953125,99.68700998823667,53.62431900158921,11.0,769.0,254.0,24.290376822513238,22.6907846624333,24.067,16.070232982732815,27.16125907602806,1.6901596327329143,4.801608803123112,27.57784669978943,100.0,46.83686671761013,16261.525298150325
EGY,2026Q2,ADM2,fixed,Faqus (2),559898.6117411999,432870.9212371111,77.31237623378777,23.19851330081857,347.0,3731.0,1036.0,15.6756532112317,18.030296825881496,12.004,4.513987713073044,32.06316324199372,7.103068346671612,3.1157153685528365,30.0,74.50237941877961,27.353930786862684,1354.7364735284775
EGY,2026Q2,ADM2,fixed,Fariskur,249431.24663710594,205139.97761154175,82.24309519247885,24.993034505676405,104.0,1127.0,387.0,24.11432338610284,24.565523857222274,22.721,13.478305346506385,37.00271605312843,2.7453537445432366,5.042438535518895,16.0,95.37177427109064,42.36773066637534,2196.0926522971304
EGY,2026Q2,ADM2,fixed,Farshut,196389.4171508609,166937.5774230957,85.00334684269615,16.33708201307795,36.0,241.0,96.0,28.050081999873584,30.771076769577604,19.9025,10.185132435593491,66.21095456076937,6.500745570021763,8.512069070198809,16.889999862705295,90.68600083970775,66.9920067692771,2953.445443969542
EGY,2026Q2,ADM2,fixed,Fayid,124488.06443023885,91702.28422546387,73.6635151692413,19.82946055393059,91.0,391.0,175.0,29.413677482451302,27.211826681160403,24.776,8.858504206466094,46.13847195320049,5.2083817852141,5.304588503180998,12.554169902175278,88.07765839509332,64.76719217094322,974.3559308786658
EGY,2026Q2,ADM2,fixed,Faysal,148269.39641487872,138816.14328725624,93.62427219898372,1.5805932614960418,66.0,2165.0,801.0,31.39527094926736,33.136183234773306,30.7525,22.086971626863857,50.500612201295986,2.2864434769261575,9.675607481634138,12.0,99.26920841996038,82.87541732727263,126.6328649269177
EGY,2026Q2,ADM2,fixed,Fayyum (1),568091.8327255249,565649.176940918,99.57002448479362,60.87544593858571,51.0,5393.0,1409.0,24.556987865140265,27.235328915897448,24.542,19.50432561747463,36.71734574131239,1.882523213641183,6.128145408026254,23.237450613781316,99.2653658254608,46.863657562180926,23852.079639084277
EGY,2026Q2,ADM2,fixed,Fayyum (2),597027.4966038049,433785.9728603363,72.65762051629629,14.818586695115906,193.0,1973.0,562.0,22.951364328758995,24.40311733727126,20.321,7.9499118418787145,44.765361250206354,5.630925492077841,5.031160092112223,20.0,85.19834873094287,44.832948856440254,1612.501796467919
EGY,2026Q2,ADM2,fixed,Fayyum City,137.66563840582967,137.20342283323407,99.66424768159429,27.80625378304893,8.0,82.0,24.0,22.642427809509446,23.513231610978103,23.396,14.994018299622983,27.998846327716453,1.867334410844388,4.582168755053212,21.438679858608065,99.9694675700442,44.82356521770965,16.799565702024893
EGY,2026Q2,ADM2,fixed,Fuwwa,177612.7124118805,131360.17527770996,73.95876876937064,14.707170395728475,51.0,781.0,222.0,20.82954608872335,27.91095556345532,16.827,5.925412227160342,67.23138100090036,11.346279115017778,5.789883738529118,17.671692506379276,81.17530063215166,30.64773264582704,1873.0713850652846
EGY,2026Q2,ADM2,fixed,Gamaliyya (1),56577.716796875,56577.716796875,100.0,123.47277399948837,9.0,1301.0,395.0,35.46844102989725,44.10820769984912,29.425,16.25322915140362,76.395,4.700296740318989,16.198891422040155,18.0,100.0,85.52050402700489,27706.704669414692
EGY,2026Q2,ADM2,fixed,Gamaliyya (2),109927.14939928344,96389.00663757614,87.68444116336237,20.56637023238163,49.0,593.0,138.0,18.373083402986964,19.31906938489696,17.974,4.971314095103558,31.039735404033788,6.243768711899745,4.1194382223109915,19.0,77.54528852701871,29.80878465409269,1686.209997075079
EGY,2026Q2,ADM2,fixed,Gamsa,5754.9844970703125,5754.9844970703125,100.0,62.01329964722643,8.0,675.0,176.0,45.96878434139838,47.73190066349992,56.513000000000005,30.786348834732312,62.12091008123221,2.017806996689036,14.247458352031494,24.905368126639374,100.0,100.0,1638.8921507061725
EGY,2026Q2,ADM2,fixed,Girga (1),99206.93933105469,91701.55822753906,92.43462084998905,59.4084265709539,13.0,702.0,182.0,21.495137122937315,22.87601027614895,21.882,18.251809157834035,29.766848036493815,1.6308984922580838,5.7118386074553555,23.989357197544948,98.1038254010113,33.2679277425098,15097.379458803365
EGY,2026Q2,ADM2,fixed,Girga (2),388219.3027129024,270498.8675289154,69.6768207141302,18.391308611752677,80.0,708.0,169.0,14.227320030043316,19.152617729040433,14.988499999999998,4.528381932634612,36.94949480338312,8.159535868010565,2.3600811689680516,27.0,66.22094806160338,16.965435261102478,2971.027177849397
EGY,2026Q2,ADM2,fixed,Giza (1),304147.14392089844,304147.14392089844,100.0,85.33169667381507,35.0,4168.0,1085.0,29.671647190874868,37.76376030915032,28.753,20.79824801769687,62.69320864318992,3.0143504678781285,9.37278689193093,16.0,96.38844574018961,71.86127855747904,26438.719341307835
EGY,2026Q2,ADM2,fixed,Giza (2),477992.91928112507,464892.31716156006,97.2592476601395,52.870714923524986,106.0,4285.0,847.0,18.79444775611995,27.071446092289165,18.529,11.355554144111426,42.221742739694704,3.7181578462720246,4.053912816335842,21.227758073533316,92.90392319201062,22.26095366803399,8492.135159457066
EGY,2026Q2,ADM2,fixed,Guhayna Al-Gharbiyya,308641.96364742744,204823.0606842041,66.36267416901892,17.570564956229436,72.0,492.0,148.0,17.366335239222497,17.87838405174843,13.133,6.5694623112075705,31.296826964796285,4.763986074081523,2.8066173351400154,25.865125602416917,69.23072099544831,27.29666293983183,2523.795625247278
EGY,2026Q2,ADM2,fixed,Hadaiq Al-Qubba,351761.609375,351761.609375,100.0,106.36003202506186,15.0,5071.0,1392.0,26.4051505512813,27.22261827566183,26.415,22.79960139455272,32.2923495091464,1.4163558805401608,6.839154442701476,20.168528822234283,100.0,67.42578024051355,89095.9486189469
EGY,2026Q2,ADM2,fixed,Hihya,351303.3051713705,298519.26094818115,84.97479430276337,27.285127497813768,126.0,1530.0,458.0,22.6736971428324,23.083901671348123,17.8125,7.0371692157054,36.258604445456776,5.152441746680699,3.7260330360344485,24.0,86.36287132036817,37.198380231386366,2749.0847303142436
EGY,2026Q2,ADM2,fixed,Hilwan,847544.3792440891,826036.8600502014,97.46237250572413,58.249010145251766,135.0,13049.0,3744.0,23.338151506452032,26.822697323529525,23.289,12.276523121807962,42.88294960084083,3.493085882326385,5.4825654941592195,21.0,93.82928909301029,40.83116962548681,13002.409269267273
EGY,2026Q2,ADM2,fixed,Hurghada 1,179200.3347781652,175337.74078786373,97.84453863041995,0.8806003886992447,184.0,9227.0,3329.0,28.836770654734035,37.66402120256728,27.3875,18.244115520167817,92.97819076611701,5.096338633864436,9.144882884093557,23.99701067763307,96.8214309771518,69.76125406983337,29.010969121494785
EGY,2026Q2,ADM2,fixed,Hurghada 2,12702.08734494121,9855.913308620453,77.59286360556884,0.2936296784551219,68.0,1169.0,648.0,38.229964933328844,39.95684227547355,34.335499999999996,25.800712993496486,64.08013622734394,2.4836575734746726,20.76553279537046,27.0,99.9413721758843,91.85518674108941,1.8623757800945757
EGY,2026Q2,ADM2,fixed,Hush Isa,294491.056637764,135839.14669799805,46.126747701233505,7.606796773518388,76.0,775.0,210.0,24.448266678693955,34.23539024909291,22.7945,10.828725446870827,66.43214415561688,6.134807321651484,5.14543409827419,12.0,90.93944743391019,48.94815932823966,1070.3827877317583
EGY,2026Q2,ADM2,fixed,Hwamdeia,225320.10813713074,224323.9462890625,99.55789039145056,58.310686446584654,42.0,1935.0,502.0,22.926778682131488,21.25779559776185,20.625999999999998,11.095285487078332,28.625432754309582,2.579963605952007,4.408422430057718,21.804368816570097,91.3459466573519,21.56836653049098,11132.912078092695
EGY,2026Q2,ADM2,fixed,Idku,239026.6107515692,200371.3701248169,83.82805976907383,12.090227910164977,69.0,1603.0,344.0,20.064218316992854,19.551836536582403,14.757,10.000595915938488,27.265717227681076,2.726409251695315,3.7011318994713904,23.42105900849921,92.57959093082982,35.70614830065949,1533.898976470036
EGY,2026Q2,ADM2,fixed,Imbaba (1),646350.1796875,646350.1796875,100.0,94.37747683506656,29.0,5886.0,1766.0,25.380030527270844,28.186888921621733,25.331,22.463713721892162,43.22789326915547,1.924343134191006,5.658636037160965,20.0,100.0,55.480666546722254,75128.06593027602
EGY,2026Q2,ADM2,fixed,Imbaba (2),586778.1726168949,532757.8066616058,90.79373288301254,26.076862877042377,188.0,2718.0,760.0,23.466957581946236,22.734322830803674,21.725499999999997,12.492457927562672,30.780451461045214,2.4639227636006615,4.643508009110108,19.0,92.7180296716425,38.44966646632897,2915.4027742454828
EGY,2026Q2,ADM2,fixed,Ismailiyya,286699.74136363575,210414.30792617798,73.3918722512201,5.652029394712271,175.0,1262.0,499.0,26.671241220610103,26.055663761179687,21.987,10.415526130247548,36.300064455760065,3.4851877861783365,6.456996612540384,13.0,90.41604166344406,56.76664359362906,333.8795575505287
EGY,2026Q2,ADM2,fixed,Ismailiyya 1,60926.796253204346,54205.48764038086,88.96822247982556,52.43319452173709,30.0,1141.0,365.0,28.59721658005198,28.536394044620135,27.820999999999998,13.667979624082864,35.96321576773198,2.6312020325495,7.092199537062476,15.0,92.74825648068446,57.02806700164499,3843.4613905225406
EGY,2026Q2,ADM2,fixed,Ismailiyya 2,252560.8015155437,248600.94198608398,98.43211634359024,34.54125338528711,25.0,2594.0,818.0,26.84974354842908,27.611007517418596,26.828,24.35251912064119,32.022711652858845,1.3149650553283583,6.227744499464977,14.0,99.8785662811034,79.71070794483775,12597.41164274728
EGY,2026Q2,ADM2,fixed,Ismailiyya 3,129126.9365234375,129126.9365234375,100.0,97.28085703750209,36.0,3024.0,1159.0,32.80294610320376,50.90855655321307,32.6635,21.103022291575726,100.7900839282191,4.776097117068121,10.238783980780813,13.0,96.6621594690235,84.72554459398566,12598.559288360213
EGY,2026Q2,ADM2,fixed,Isna,396970.2030336768,307481.5278195143,77.457080020041,12.066094083129563,93.0,413.0,212.0,20.055953629058532,35.92895560442416,21.085,9.923461396039292,86.95004396479023,8.762068042053777,5.144801552752868,25.0,89.45108766236041,33.640761601204694,1686.1841409305937
EGY,2026Q2,ADM2,fixed,Itay Al-Barud,539505.2321454287,383270.32344055176,71.04107626842026,18.50025642569793,203.0,1833.0,579.0,21.131140034467332,24.56166855631118,16.819,7.6841577640011405,41.13069901260218,5.352661967104828,3.747722672860757,14.0,85.05606822824683,38.7413509004918,1785.2189210823676
EGY,2026Q2,ADM2,fixed,Kafr Al-Dawwar (1),248845.15269470215,237526.96229553223,95.45171353486008,51.30706553653091,54.0,1902.0,617.0,29.719218973217597,44.663917307222526,31.289,17.584509736090766,91.15272800644196,5.183694591118367,9.658253858534968,15.0,99.2188035906895,72.64319911791662,8628.543015583637
EGY,2026Q2,ADM2,fixed,Kafr Al-Dawwar (2),876215.0409349063,602542.9671697617,68.76656288927187,17.63607492421017,339.0,3553.0,1102.0,24.226175703204376,31.068140486985097,17.065,5.037260288706464,75.54361036148204,14.99696383187718,6.793572982026834,14.0,79.74013832792393,47.623952602434045,1663.9846032489897
EGY,2026Q2,ADM2,fixed,Kafr Al-Shaykh (1),158477.34136509895,153463.24422764778,96.83607947088176,49.59226306215653,43.0,2940.0,812.0,25.94352278532609,28.076599154326267,23.862,19.58070743508554,39.521962871029835,2.0184134307738395,6.174273754197604,27.0,95.95941736973447,56.21206295131612,6669.235182132881
EGY,2026Q2,ADM2,fixed,Kafr Al-Shaykh (2),559244.9749863299,424393.7528309822,75.88691393093984,15.236888731989065,219.0,3962.0,821.0,19.427589687276257,20.008688743063164,16.246,6.84396686936132,32.45275778618891,4.741805214088859,3.4633877286102215,18.895107762790687,83.21838585002251,25.691504532386066,1420.598787497868
EGY,2026Q2,ADM2,fixed,Kafr Al-Zayyat,459382.2862163801,396531.7640838623,86.31847069024475,24.09278286531977,171.0,2927.0,878.0,18.725551630951426,20.42514453718155,17.415,9.061156617634216,29.47190174239724,3.2525540597147384,3.520473091722077,18.0,87.11334150886904,21.768047148788593,2346.302642203798
EGY,2026Q2,ADM2,fixed,Kafr Sad,391458.2147977846,296917.81537771225,75.84917218587199,17.29773502455145,168.0,1355.0,641.0,40.612342430318186,61.873772891362336,39.171,16.419899573306612,120.89644315622088,7.362800400604092,18.348110948286767,12.0,96.91002932077299,72.99185613658976,1478.2758363051246
EGY,2026Q2,ADM2,fixed,Kafr Saqr,338038.45838167344,242719.66039908552,71.80238058151208,21.01162081714978,142.0,1741.0,431.0,20.542902478630797,20.71498397414732,17.0815,8.231176553278074,34.03527978867963,4.134922822804117,3.426777923126644,24.0,83.1535320705562,30.248791460527347,1814.1476566487038
EGY,2026Q2,ADM2,fixed,Kafr Shukr,169273.4553000927,159779.83830165863,94.39155006223302,39.0218329461206,85.0,1366.0,368.0,19.545600720617156,21.079169673126973,17.073,9.062323065431267,35.15008036816009,3.878705284988351,3.8107009624926214,24.0,86.0208659848336,29.073271299242894,2802.129256735322
EGY,2026Q2,ADM2,fixed,Kardasa,929649.4132070541,910231.0950622559,97.91122138421946,47.40578539251943,129.0,10574.0,3070.0,25.776091888508347,32.21166273314831,25.123,18.997580642034414,64.69511768127614,3.4054398241705828,6.321677031688262,19.0,97.66196853419706,64.21089304506577,12193.416059404886
EGY,2026Q2,ADM2,fixed,Karmuz,128612.40234375,128612.40234375,100.0,111.83211822734926,13.0,1294.0,422.0,27.201353473842165,30.24302765696701,27.235,23.58666247178326,37.88258240549657,1.6061018573872217,7.432370345476221,16.452724752717632,100.0,67.96794240200641,40423.15907892044
EGY,2026Q2,ADM2,fixed,Kawther,11760.20556640625,11760.20556640625,100.0,64.52960730904643,3.0,27.0,9.0,13.321536005796611,13.206596634733938,11.028,11.350550408115256,13.435,1.1836430408162792,5.711453042388769,30.0,97.69731459556343,0.0,8454.46662724551
EGY,2026Q2,ADM2,fixed,Kesm Al-minya,301932.50684452057,293215.98626708984,97.11308972043899,58.74721991153988,44.0,2931.0,929.0,27.64510550890364,35.52104418893035,27.0895,20.357722047037974,52.25678486144233,2.5669269253553657,9.447061790839154,20.93521621667876,99.03114325781247,63.65596795231085,13853.166695911781
EGY,2026Q2,ADM2,fixed,Kesm Awal Assuit,211881.78562927246,202547.53814697266,95.59459655553789,45.154256797378785,21.0,602.0,260.0,23.46342449216583,21.761148823208732,22.443,12.082332251310614,27.583208271128893,2.2829374078946425,6.140270900550119,15.751359029508928,91.15657534340014,33.02303149166201,15396.431287424031
EGY,2026Q2,ADM2,fixed,Kesm Mallawi,178777.06372426078,173658.49975585938,97.1369011987488,35.877277462833874,22.0,1012.0,310.0,20.596863925447515,22.864717350689116,20.169,15.20220205497707,26.420376266094735,1.7379308714979835,5.577312868634376,20.0,94.51459072027484,18.12076395790474,9952.145799210706
EGY,2026Q2,ADM2,fixed,Kesm Tahta,198145.1941833496,192864.32690429688,97.33484967888437,40.90789952183547,18.0,640.0,204.0,24.896523481581426,30.54016933197233,22.3555,12.562528056908697,57.10145601067646,4.54537938160256,5.904309977855802,21.28659111151958,89.34489241893272,46.29882369229736,15107.32450569775
EGY,2026Q2,ADM2,fixed,Kesm Than Assuit,271760.0198364258,269782.49322509766,99.27232614550205,71.9139353309981,31.0,5181.0,1472.0,31.45973615036228,35.977839253254814,28.621,21.42487112517089,58.731517345792035,2.7412775088663963,9.181145486364747,16.0,96.33950048298738,87.03689349276557,21309.97375750654
EGY,2026Q2,ADM2,fixed,Kesm than Al Raml,547487.2250478268,529720.2102661133,96.7548074240159,64.34451607582284,62.0,6656.0,1882.0,24.36427716605344,30.912338375893142,24.568,18.96673471805993,64.5430960859345,3.4029629794145446,5.487580720670755,22.0,95.95887578179924,37.43865023022456,20772.07510099713
EGY,2026Q2,ADM2,fixed,Khsos,386687.08203125,386687.08203125,100.0,102.99572743245554,21.0,3994.0,1197.0,26.17513782163305,26.396316180735134,26.122,23.582863513246544,30.48619027783846,1.292726401130817,6.390116986838599,20.295047790984622,97.11953909155207,72.5223751524093,67839.60162274342
EGY,2026Q2,ADM2,fixed,Kum Hamada,571610.5850982666,466754.68116378784,81.65605979524456,18.209022364641303,214.0,2437.0,677.0,21.77392764723368,22.07585096175557,21.503,9.34029254847479,33.34904853161464,3.5704501072678205,3.5739413750571813,18.0,87.3349711885138,32.462625761610695,1759.9176344384953
EGY,2026Q2,ADM2,fixed,Kum Umbu,393911.6788287503,227922.16533756256,57.861235801706144,8.969207376454586,73.0,477.0,186.0,22.937952563378943,32.49017079590337,23.326,4.76431175679454,81.97198753602956,17.205420577091044,4.896960605741226,27.0,81.31915733999733,34.48082553052127,1562.7871272487275
EGY,2026Q2,ADM2,fixed,Luxor (1),245538.31115015293,211679.2601966858,86.21027781983828,35.23093132415551,60.0,1058.0,431.0,23.155972958408185,25.062797881712434,22.6205,12.132978623851153,38.06312454062755,3.1371624166387804,5.852710376465058,26.0,95.27228704844339,41.0659333885921,4749.578278841448
EGY,2026Q2,ADM2,fixed,Luxor (2),265846.9890674392,208777.91018676758,78.53311068864708,21.972555551685375,86.0,911.0,326.0,23.930587602360617,29.40598770648731,18.5865,10.061386010736047,46.25882137422409,4.597658943297017,4.789465217491615,24.0,90.87834637123144,43.85757157365775,2235.768059178936
EGY,2026Q2,ADM2,fixed,MIt Salsil,72895.57559493062,55173.58793640137,75.68852771393482,11.471323553218962,45.0,463.0,107.0,19.77699784230753,18.982224384709706,12.329,6.626426678950265,31.662917171124224,4.778279260480725,2.907825497627089,30.55012563475832,71.9080966370703,19.266258148102374,679.2803270831364
EGY,2026Q2,ADM2,fixed,Maadi,114029.26311594248,111224.09189990163,97.5399549734978,49.07943137598057,44.0,10681.0,2744.0,30.264064848290893,40.7022589486163,35.0505,25.58881609894676,83.08092508754845,3.246767055040427,7.698453337892136,20.0,99.58544021620307,94.37556210853698,4532.09192403469
EGY,2026Q2,ADM2,fixed,Madinat Nasr-2,102330.05310058594,97865.87939453125,95.6374754328852,76.07607446263195,47.0,3519.0,1051.0,26.68865445762864,29.430185771375918,30.265,10.040651640509605,51.974363819288186,5.176393493186691,9.390361424910889,21.08559628965553,89.83081161937889,56.41122709716991,5912.731557744028
EGY,2026Q2,ADM2,fixed,Mahalet Demna,85505.68179581375,79479.7299194336,92.95257139663532,23.674238084015627,30.0,524.0,164.0,30.224637406479516,28.060801488680816,25.4285,17.89607342349876,34.07757007475423,1.9041925716513917,7.893689235214216,17.0,98.24423770775232,73.68758536705784,2460.5065846889056
EGY,2026Q2,ADM2,fixed,Manfalut,486343.9585613562,395165.7278213501,81.2523155402776,15.732856319615516,105.0,951.0,314.0,21.741837633405325,27.015446879175723,22.402,4.9976713867706355,62.04413496279228,12.414608756996241,6.076685950291076,18.23436656360876,80.21924022640914,34.89579162247801,2468.270901554953
EGY,2026Q2,ADM2,fixed,Manzala,410981.8969460732,354947.2216796875,86.36565851616129,15.105185305983074,126.0,1900.0,550.0,22.183335603541376,22.677406207416315,18.9575,10.491828377684243,31.191606180547772,2.97294285206678,4.889063750674503,22.0,90.1539739846323,26.859277367577445,1799.348434803998
EGY,2026Q2,ADM2,fixed,Marg,874996.5390625,874996.5390625,100.0,98.02465316805947,58.0,7281.0,2318.0,26.14374904247292,26.42652336273715,25.522,16.51557286712679,31.833753738656938,1.9274992151207802,6.248763639213994,23.0,96.80768223950027,59.534467669522506,52897.79562623837
EGY,2026Q2,ADM2,fixed,Markz Abu Qurqas,688379.7505463011,497843.83308029175,72.32110367645195,15.14394780518251,145.0,1709.0,505.0,23.49339815866538,35.41818111682019,23.024,6.895004673685042,72.88355187456376,10.570486217757859,7.211738466937436,15.0,86.13798794653773,46.007754378963725,2463.6171409512085
EGY,2026Q2,ADM2,fixed,Markz Al Idwa,330359.9876326252,211476.8187789917,64.01405336476861,11.953277183223248,74.0,635.0,157.0,14.586422954250619,23.353051499376413,15.660499999999999,4.67063307346106,53.64159048668826,11.484865037136915,3.6751245592944546,21.861480735952085,66.32309037647266,22.196613959367305,1854.9954573509171
EGY,2026Q2,ADM2,fixed,Markz Al Minya,711041.9948677763,573437.883462429,80.64754087683164,17.48254822488934,214.0,2848.0,641.0,19.651791172803737,23.114008514697137,19.6685,8.283474900554722,38.842716637386296,4.6891814249096235,6.37105274711756,20.0,86.07344255511575,32.718549538395195,1995.94397443301
EGY,2026Q2,ADM2,fixed,Markz Bani Mazar,714162.9329798378,550234.9643783569,77.04613876871305,14.53272818345191,141.0,1915.0,513.0,19.05611124876683,20.18473747631394,15.504,5.187144906320565,35.46279492205177,6.836669413040719,3.7537870737978336,20.51054495690943,81.35434270770112,27.85540907583509,2549.535008318304
EGY,2026Q2,ADM2,fixed,Markz Dir Mawas,513372.1594469657,305158.64102077484,59.44199259841231,11.68640746188807,78.0,756.0,273.0,31.831155767047324,43.90399336863617,36.129000000000005,7.173601054874341,93.96919453996317,13.099305888513648,8.032878323075536,9.0,83.81897935089016,57.429553513724194,2621.2453297229736
EGY,2026Q2,ADM2,fixed,Markz Maghagha,654781.2513948081,480144.785820961,73.32903695671824,14.464996071065427,113.0,1465.0,427.0,16.565145495624353,19.330510988841734,16.271,2.7871984549114854,35.42263721536511,12.709047378002383,4.34031740591582,24.0,59.733641072053864,28.30036814894025,2910.281797882405
EGY,2026Q2,ADM2,fixed,Markz Mallawi,794122.3961498722,592343.4625530243,74.59095290913231,12.026588555142231,121.0,1149.0,349.0,20.408025335183545,31.164759169821878,21.589,8.046822154507328,63.34438536205569,7.871975314699122,4.297405219398865,19.0,84.39297151431295,41.914109494446556,2696.433254031964
EGY,2026Q2,ADM2,fixed,Markz Matay,355866.51518517954,269708.31112861633,75.78917926241817,12.148206645562361,71.0,613.0,208.0,19.480145469453625,23.29692859501886,20.969,10.702167884246286,39.375911885228945,3.679246327577307,3.738837772149007,14.926660543075618,90.89570614050089,39.54765218115022,2105.3444351333183
EGY,2026Q2,ADM2,fixed,Markz Samalut,848230.2205254134,615575.5342140198,72.57175225762624,10.705182691526982,173.0,2677.0,531.0,19.72697320998197,20.39039148703031,18.941,7.553700891792797,31.70144100213848,4.196809147762595,3.5732422093369367,20.0,85.92159412808135,25.185539963670813,1810.5542525838944
EGY,2026Q2,ADM2,fixed,Marsa Alam,6545.914908192584,3547.2985296382685,54.191027219107646,0.08538519818687496,68.0,985.0,546.0,16.622674034618807,22.893132009289,12.7635,9.405700329950287,39.96775565496584,4.2493120398167195,10.55954204600621,27.989105811756268,87.95192264813424,16.648904074307723,0.26837658421334526
EGY,2026Q2,ADM2,fixed,Marsa Matruh,274959.9649857811,201144.15353395423,73.15397845077408,0.08761732895163227,154.0,1774.0,629.0,24.729777992769083,27.47580674025756,26.278,13.321378287794397,40.94620026966674,3.0737210058198974,6.9290728666842725,17.739966915566693,92.8810891536948,47.997563892290344,5.7283251886728825
EGY,2026Q2,ADM2,fixed,Mashtul Al-Suq,238472.85316607356,216617.8150177002,90.83541885031525,29.31270237019904,76.0,1287.0,377.0,23.123262424253447,22.368546901782043,21.4145,12.12933867574413,32.22554117377888,2.6568259024890204,4.153986154248071,23.0,92.07776562397166,33.607436503442024,3304.722508825333
EGY,2026Q2,ADM2,fixed,Matariyya,211388.43989944475,186729.1991291046,88.33463136296844,20.31806559699404,27.0,607.0,150.0,18.430382017335024,18.998301473444,15.908,13.248381040334204,22.849662916372008,1.724713596839271,3.4898755956857666,25.066990039855522,95.39057446371537,4.956233001856253,5812.631691723928
EGY,2026Q2,ADM2,fixed,Mina Al-Basal,233523.30786132812,226999.65185546875,97.20642189184247,81.14816525496911,28.0,1461.0,571.0,24.830100078049263,30.507503378600344,25.256,15.529332523384518,57.39737445734927,3.696061911928194,5.8341807138276796,13.263689219836671,96.9610623712718,50.428103203174324,24720.818505269286
EGY,2026Q2,ADM2,fixed,Minshat Nasir,260191.08984375,260191.08984375,100.0,90.80212067442228,18.0,903.0,278.0,27.962507017908763,36.15816873083883,25.698999999999998,15.763962650753525,86.87302708776343,5.510862275711549,6.567742919958653,15.37970937249069,96.56485369506949,64.79640425014959,46841.34719522334
EGY,2026Q2,ADM2,fixed,Minuf,473862.3820743561,357665.4155731201,75.4787527145375,24.841074773141532,167.0,1118.0,426.0,17.008237168046474,18.32519852573686,16.354,7.048866101799061,32.12004142989852,4.55676714042002,2.875779370882214,25.612839185130802,80.06570280693379,24.160138651504074,2536.7372779514603
EGY,2026Q2,ADM2,fixed,Minuf City,132462.20501708984,122819.32580566406,92.72027880693841,40.018837684913045,26.0,841.0,276.0,25.827024407427842,33.86925611142761,24.6765,17.371965032830595,59.9210425304227,3.4492955988099374,7.1596048278994555,21.0,99.28071517035859,66.3093801839256,7339.32315231915
EGY,2026Q2,ADM2,fixed,Minya Al-Nasr,345896.5856578038,306176.4654650688,88.51676430479999,16.616700778835543,113.0,1758.0,565.0,23.379398363761958,23.854465112879716,22.274,12.446453094550403,35.5428319308745,2.855659492778444,5.091238142485304,23.0,95.5334111430823,39.37317501640014,1857.0439567728954
EGY,2026Q2,ADM2,fixed,Minya al-Qamh,876445.0744687617,776346.6101064682,88.57903737744593,29.592104956858748,306.0,5000.0,1430.0,20.933414521465604,22.743481795523078,19.9395,11.578134274401924,37.62914519151196,3.2500180339682334,3.913988516411544,25.0,92.85877923858492,30.871530214383284,3053.475765105146
EGY,2026Q2,ADM2,fixed,Misr Al-Qadima,277757.7822265625,277757.7822265625,100.0,92.24694955367586,32.0,4588.0,1418.0,28.400457715286837,34.48139980418713,31.0915,10.128147300710122,72.59625958535676,7.167772883819213,9.524457554774314,16.96277286455667,91.78922021019417,50.70719190043592,28555.40543555988
EGY,2026Q2,ADM2,fixed,Misr al-Gadida,170928.37255859375,170928.37255859375,100.0,103.95332554929583,34.0,9718.0,2880.0,41.42601882570781,47.11600800099984,38.452,30.56970371523525,76.7587469031828,2.51094180101353,16.2093255113584,19.0,100.0,100.0,18668.66653746096
EGY,2026Q2,ADM2,fixed,Mit Ghamr (1),153240.6862564087,149546.88012695312,97.58953955395701,47.93869988894225,30.0,1727.0,459.0,25.674673243613796,33.81399839513108,23.1315,17.403670704744595,82.22058327927243,4.724324234476433,7.537171226736131,21.175016945943096,97.94284152066604,54.60817685392807,8860.785329478525
EGY,2026Q2,ADM2,fixed,Mit Ghamr (2),697234.5515177548,649540.0005588531,93.1594682370403,25.922687385348766,221.0,4273.0,1191.0,20.424795287234655,20.68923313282607,19.966,10.688192511535958,29.281738385158146,2.7396342602880552,3.8040559055564476,21.84743855433197,93.49202753501694,22.576465743492058,2958.7088639026624
EGY,2026Q2,ADM2,fixed,Mitubas,262276.0963672066,157490.89443206787,60.047749914490325,9.138313110157114,90.0,816.0,324.0,29.93629745087973,50.334884686143354,27.1355,4.264610678301907,106.1229456886074,24.884556573605842,14.578524973819507,11.0,76.9238058283373,52.989104407100065,976.4242211554806
EGY,2026Q2,ADM2,fixed,Mubark-Sharq Tafrea,8591.33929407403,816.0496463372874,9.498514939343234,0.5779661948236299,11.0,54.0,17.0,14.061296906266195,14.364918624626018,11.797,6.157020877563278,28.907476336973303,4.695042766919091,10.499686202205062,27.647163297087832,65.79945119365217,1.4704818800075607e-06,16.44978348270842
EGY,2026Q2,ADM2,fixed,Muharam Bik,310293.2879009247,292770.7037963867,94.35289618313212,54.52116206206083,23.0,6665.0,1725.0,33.25951873094954,45.70114073423053,30.392,24.537470200537815,76.81899031300694,3.130680941645044,9.399766855879912,15.0,100.0,89.88875029658296,26879.012597168203
EGY,2026Q2,ADM2,fixed,Muntazah,1684715.9078102112,1645634.2629089355,97.68022342995064,62.6986580757518,179.0,35207.0,10797.0,28.468641849463125,35.90124526124933,27.919,21.2451772223959,60.66181642622308,2.855321741551564,7.39937359370961,17.842571924400016,98.07869833129202,70.52248108234768,21596.720789829145
EGY,2026Q2,ADM2,fixed,Muski,26043.658203125,26043.658203125,100.0,69.13877270172871,2.0,213.0,93.0,31.73771415961014,31.73771415961014,31.756,29.765,33.747,1.1337812867461783,8.445647726256595,16.990815750683144,100.0,100.0,32135.38948193985
EGY,2026Q2,ADM2,fixed,Nag Hammadi,578887.4972062405,426462.21270398796,73.66927334968025,21.914216242051744,134.0,1004.0,377.0,17.779404094957993,19.64024599677026,15.5075,5.30918862341488,31.623120092131646,5.956299980126077,3.8544509970141707,23.0,76.98236071081655,27.81901034997498,3137.0782636550375
EGY,2026Q2,ADM2,fixed,Nakhl,6052.071988237542,1586.196809411049,26.209153038726065,0.03796400831956231,9.0,65.0,19.0,38.94295110210009,39.2922132060784,56.725,7.583,77.16493841262707,10.176043572811166,8.314805065144947,13.46567956632124,60.77825333230381,60.77825333230381,0.9080519222527158
EGY,2026Q2,ADM2,fixed,Naqada,201479.02221490003,131076.7066631317,65.05724775819274,14.388569489594358,45.0,277.0,87.0,16.324334288890743,19.94756958147634,16.512,8.925601761510157,33.55705022746973,3.759640091963064,4.0532597233609176,33.415875993121595,82.77229780848468,27.55584398724029,2129.159682965054
EGY,2026Q2,ADM2,fixed,Nasir,409320.81126926217,325358.97996139526,79.48752445605935,12.409145905246316,89.0,656.0,325.0,24.506565239374826,32.28213761656882,26.311,9.462051521630347,69.44913269917235,7.339754231987738,6.429659820178507,13.0,89.37438637995456,43.868052729701645,2002.3574480754323
EGY,2026Q2,ADM2,fixed,Nasr,82405.46980887483,36154.48707199097,43.87389229846637,4.419102607601225,27.0,125.0,42.0,51.800857508808846,50.971133671551996,33.466,4.5318504423874035,95.5922097755795,21.09341669387064,26.101947479525677,15.0,89.74041644599201,67.37512991440845,435.92811526409844
EGY,2026Q2,ADM2,fixed,Nasr City,679498.269794013,666271.8912198544,98.05350813061405,71.45947103090533,188.0,42213.0,12726.0,34.74985326695841,45.90997728990827,34.742000000000004,25.74578381463774,89.24304548460039,3.4663168978316885,10.557458454958756,19.0,99.03772759692374,90.45314412600177,9219.041756252747
EGY,2026Q2,ADM2,fixed,Nebro,319119.62504348013,283774.5132598877,88.92418108764804,15.528562196843433,92.0,1689.0,452.0,22.907310994381348,23.275139720753113,19.547,12.158278411158584,37.22586969266494,3.061771447715814,4.8542858660594606,21.2213845397138,93.79649154119541,32.561996786100245,1965.5491648770026
EGY,2026Q2,ADM2,fixed,New Cairo-1,163465.07614235353,162460.26978746217,99.38530823916399,53.96585694197874,329.0,39344.0,11558.0,50.732906903129795,58.68767042044709,67.732,28.499768334288373,99.47073434828812,3.4902295759581254,21.669916276445104,17.0,99.9910237267783,98.93458852677905,956.5288217300043
EGY,2026Q2,ADM2,fixed,New Cairo-2,85032.10143727672,82848.66804706026,97.43222459128914,46.5879755895293,302.0,24688.0,8252.0,54.12576196985164,66.40281519397054,75.7905,30.61748057813063,121.4375917925228,3.9662829697118487,26.170133993100176,14.390404505741124,99.44132489727149,96.82716184957073,468.4265930625545
EGY,2026Q2,ADM2,fixed,New Cairo-3,66277.84085655489,64064.85656629875,96.66104951269355,47.386820118091876,202.0,13566.0,4415.0,46.261135396492755,72.89354744511182,72.32900000000001,26.450071833160287,130.88155285732412,4.948249429449139,16.862454692650633,16.0,99.5435147231351,93.0593429582846,554.1790963106704
EGY,2026Q2,ADM2,fixed,New Minya,3654.67876366619,3311.4086303710938,90.6073787740856,24.16120031830883,13.0,430.0,97.0,24.531148182245833,33.98303836864073,24.855,13.978269509099107,69.35649363169662,4.96173675765439,5.0668462357863655,16.435742464865168,100.0,33.05831476844354,233.41916602988073
EGY,2026Q2,ADM2,fixed,North Coast (1),4560.3680992126465,4488.8293800354,98.43129507046596,60.61735964419206,21.0,314.0,117.0,19.332068456610493,30.60302327752384,27.863,19.262,30.162403668368068,1.5659019659624165,3.7829454378870055,41.35427560097754,100.0,24.04242195749032,478.5368388965945
EGY,2026Q2,ADM2,fixed,North Coast (2),983.2587296962738,983.2587296962738,100.0,13.250427529503865,5.0,58.0,21.0,21.2191688421057,21.33647933951354,21.262,9.075022145891738,58.35356128613396,6.430128802776598,3.296143276250605,37.36251988431333,99.34115072445275,0.376697493519435,94.5632877641584
EGY,2026Q2,ADM2,fixed,Nubariyya West,39097.35540385328,21022.642783164978,53.769986655141054,0.44952254701256344,29.0,232.0,66.0,29.21628904620806,48.7702921430138,21.83,10.185172261539499,117.80116323421967,11.565947065917754,8.669975989112325,12.962986238827531,92.54236221465015,54.57348792640382,21.88666010163911
EGY,2026Q2,ADM2,fixed,Nuweiba,6461.1664494455135,1396.5007827281952,21.613756488939245,0.0767397434315853,15.0,33.0,25.0,15.353184625679651,17.312542673671828,14.29,1.310433946662984,36.16963308108277,27.601263820422716,4.532155990943379,44.290491731020246,61.76422546908521,32.478106812173316,1.158745819691114
EGY,2026Q2,ADM2,fixed,Nuzha,237757.04731724507,211319.0555152893,88.88024893467032,50.066985320767756,107.0,15521.0,4856.0,32.233368632632974,35.106174557025454,32.865,24.639762710467927,43.550665680568734,1.7674953363924533,9.247925792770413,20.0,98.2531942386984,89.09946060221351,3975.845463762131
EGY,2026Q2,ADM2,fixed,Paris Paris,,0.0,,0.006777583611280172,8.0,82.0,10.0,,,35.988,,,,,,,,
EGY,2026Q2,ADM2,fixed,Police Department Port Said Port,20666.73486328125,20666.73486328125,100.0,52.45445520214733,5.0,165.0,41.0,36.45574049024852,36.45574049024852,32.453,35.719,36.696,1.027352389484588,10.920226373928791,16.2622532965666,100.0,100.0,7933.4444887631535
EGY,2026Q2,ADM2,fixed,Police Department Port of Damietta,9179.040362298489,5534.628173828125,60.29637037615357,12.388859726662934,5.0,28.0,11.0,12.207123194267215,11.065152421590827,10.594,3.171,15.693664485447353,4.949121565893205,1.5263682280408244,18.493103400258704,75.23935888536587,0.0,835.7437736209134
EGY,2026Q2,ADM2,fixed,Port Alexandria Police Department,18652.042602539062,18652.042602539062,100.0,93.86875673383598,8.0,524.0,154.0,31.177905736639758,30.270332529360527,30.0875,12.74178387464589,49.56110062244426,3.8896516461139257,5.293765309490168,24.301053068293157,99.2367129824635,73.81054124396259,7998.08012014407
EGY,2026Q2,ADM2,fixed,Port Fuad,70657.80379664898,70428.6416015625,99.67567319846793,37.518353419438114,15.0,1989.0,563.0,29.28038009956958,28.99378871248284,29.139,24.08891378851075,33.493248849413234,1.3904009596890956,8.845643911881087,19.0,100.0,85.5927698187537,6465.439289137882
EGY,2026Q2,ADM2,fixed,Port Fuad 2,3028.005455424476,2894.5538053512573,95.59275397492601,17.127257420763872,13.0,523.0,244.0,92.29780963709632,91.92963274390637,99.401,67.94296792625015,105.74696386933576,1.5564077798915201,43.108351762994,8.0,100.0,100.0,145.8558813313335
EGY,2026Q2,ADM2,fixed,Port Suez Police Department,,0.0,,5.0537987350811715,1.0,1.0,1.0,2.503,2.503,2.503,2.503,2.503,1.0,2.537,19.0,0.0,0.0,
EGY,2026Q2,ADM2,fixed,Qaha,48024.77357041836,42442.05764770508,88.37534150051246,25.39667942218275,17.0,254.0,103.0,23.95163834951469,22.449889071436672,23.558,11.214946954045233,28.458711685761678,2.53756988796961,5.686958256077626,24.186912460062548,89.79009151307214,7.495975796350035,2573.220387653261
EGY,2026Q2,ADM2,fixed,Qalyub (1),187228.92765283585,170664.78680419922,91.15300127160359,49.59994648968413,44.0,1485.0,417.0,22.642394546251765,21.471532035884337,20.8435,10.90582749002392,28.538862776363793,2.6168452419103136,4.271463940338532,19.142888695233953,91.60018869896639,24.64626934885197,7553.115881873335
EGY,2026Q2,ADM2,fixed,Qalyub (2),697671.4467714429,668677.6400604248,95.84420333594124,38.762910080546405,135.0,4454.0,1371.0,23.064245961316335,23.362658805015197,20.552,12.934427931759554,30.611202554398655,2.3666452599140513,5.080791351457466,20.134034595144822,94.68711330994005,41.38562790086893,7171.898944358992
EGY,2026Q2,ADM2,fixed,Qanatir Al-Khayriyya,537612.948225975,517185.5585632324,96.20035385491565,44.1642795714808,162.0,3738.0,1032.0,24.31490302661616,25.2440600939291,21.012500000000003,13.118263079939116,37.99407294410146,2.896273135595463,5.171860477222915,19.0,93.9449598644023,41.63497259170104,5248.023106075274
EGY,2026Q2,ADM2,fixed,"Qantara Gharb, al-",284034.38841054897,170363.37119150162,59.97983981617571,8.334579712101192,149.0,1497.0,414.0,20.334422413490095,21.400923889550892,16.682,6.264812196042688,35.447867378148835,5.658249005539271,4.669893727645924,18.0,80.68395573895208,33.069609644054424,574.9238604289628
EGY,2026Q2,ADM2,fixed,"Qantara Sharq, al-",48178.976128946786,24224.78077697754,50.28081275978561,0.37048434394098745,42.0,327.0,121.0,15.006255171656262,38.669287990189716,19.805500000000002,1.834,137.48417474407051,74.96410836645066,2.4948114774483012,10.239530336250443,56.25790382637999,35.97260778728143,15.405896958305503
EGY,2026Q2,ADM2,fixed,Qasima,8166.878851576101,0.0,0.0,0.017286844428214876,2.0,2.0,2.0,,,131.2805,,,,,,,,2.5439743206947694
EGY,2026Q2,ADM2,fixed,Qasr Al-Nile,11690.611328125,11690.611328125,100.0,102.5980222448204,4.0,1588.0,551.0,32.57641885817289,32.66106371437176,33.237,29.846720539924288,36.19672434135651,1.2127538197350083,11.032371204617272,17.0,100.0,100.0,10701.473700778852
EGY,2026Q2,ADM2,fixed,Qift,147439.47380368272,111701.774269104,75.76110480279938,17.49366486684449,35.0,278.0,85.0,17.221760177039624,21.275345830133006,17.114,2.938804745377366,40.61403187134232,13.819915030158683,3.867178736458847,20.29074228514466,70.10038770262138,47.89294272126059,2439.6241402532705
EGY,2026Q2,ADM2,fixed,Qillin,297007.36505116615,243072.5126876831,81.84056736970426,20.461196954766617,115.0,1342.0,369.0,18.754118618556884,17.479255491944258,14.815,4.645734376935232,27.369708562146343,5.891363203636709,3.0162135000752865,20.0,74.00371490391498,19.287352938005505,1926.6207775740543
EGY,2026Q2,ADM2,fixed,Qina (1),216559.97779083252,207362.54956054688,95.75294182973684,56.11802123881176,45.0,1889.0,576.0,24.479054570273245,26.392260777944283,24.268,16.91108211073538,34.426146466435405,2.0357151742868798,5.9496470568596616,25.00408429255331,95.77821147455171,28.23657061960734,8965.525925967613
EGY,2026Q2,ADM2,fixed,Qina (2),395673.22579147486,239261.29452514648,60.46941742053591,13.428747559661227,80.0,1176.0,125.0,20.29712503678485,22.973807145154456,17.9935,7.060312487929901,38.17312781261773,5.40671930284635,4.902739591657893,15.985063916693617,83.3643071567018,38.72162347800789,2203.0305776603805
EGY,2026Q2,ADM2,fixed,Qina City,4821.359237611294,3182.5453491210938,66.00929721838902,26.666537735949646,7.0,75.0,35.0,13.832043948853451,20.33227157448434,33.945,9.778,44.31704445121335,4.532321993374243,3.3502874730692795,13.901935975087495,38.920570932856045,34.80347017950401,609.9228483129392
EGY,2026Q2,ADM2,fixed,Qurin,101713.13068389893,96820.28639221191,95.18956475059956,44.8918645072746,35.0,495.0,162.0,25.204064258677313,24.502278915543894,20.369,12.971341327833352,35.592778682079995,2.7439551379090243,4.657016755842843,24.0,91.99103697561503,59.545060939753604,4710.590225924871
EGY,2026Q2,ADM2,fixed,Qus,372042.82190199976,287235.8318901062,77.20504602713913,18.25245134085047,87.0,625.0,253.0,27.471828224771514,40.66480124066337,28.938,15.857820614549334,97.75318289549746,6.164351664175735,13.280349556089005,19.0,93.02772847932657,60.765906943313595,2579.168921296448
EGY,2026Q2,ADM2,fixed,Qusir,51851.067683002424,49626.00031660497,95.70873375259954,0.16367794646940428,63.0,971.0,462.0,24.598948724771983,25.50275482397183,18.893,17.495635343210143,33.542190978985985,1.9171747879395147,4.994212851572298,23.0,96.9195561394198,38.82681883148405,4.453506655494666
EGY,2026Q2,ADM2,fixed,Qutur,373914.9157342196,307516.8268208504,82.24246048516414,21.10534400879056,182.0,2622.0,635.0,16.844498277309256,18.924072331122247,15.149999999999999,6.897699285123077,29.256345178548067,4.241464286743843,2.8987735903090543,24.543354904892038,78.18804582620027,20.33798569933483,1577.3298649161634
EGY,2026Q2,ADM2,fixed,Quwisna,534054.6386566162,479866.45292663574,89.85343786802643,28.468859430692113,210.0,3788.0,972.0,21.50784832136268,21.495510327003398,19.2545,11.462266968293648,29.754876164974924,2.595898023251542,3.891350924958875,25.0,91.85837488160654,20.52210109012453,2610.5232251523703
EGY,2026Q2,ADM2,fixed,Rafah,142882.06590797505,32706.98535633087,22.890896172649274,0.880411596023931,33.0,130.0,56.0,38.55668826137292,58.32270645825382,43.454,5.1824060854814595,108.37450930788228,20.912006415609554,22.994441210386235,11.0,86.82183056969973,63.37900685961232,139.29022219177992
EGY,2026Q2,ADM2,fixed,Ras Gharib,43884.83627034782,41114.722633093596,93.68776581462163,0.10798409889706535,39.0,356.0,169.0,32.00456126167862,35.322466602198475,31.114,22.47620367303185,58.15612249311642,2.5874530832310993,8.209940663394425,14.0,98.30319820519249,81.47659034561305,4.202511402202642
EGY,2026Q2,ADM2,fixed,Ras Sidr,18452.520387712495,9220.21106891334,49.96721789318854,0.1569918585275448,45.0,263.0,105.0,17.582108047851587,27.11221066938204,24.774,14.017006497004619,38.65534170326907,2.7577458647486233,8.766865155999104,13.489853242667754,93.40798518325674,38.798204212737176,2.278295975653749
EGY,2026Q2,ADM2,fixed,Ras al-Bar,13300.921508789062,13300.921508789062,100.0,94.73784429139575,10.0,372.0,161.0,22.514215332392933,24.37754854868522,23.14,11.612510268623941,42.33890148032333,3.6459732220620378,6.29518549636645,30.45599138523676,100.0,27.80031502403108,4636.166015148751
EGY,2026Q2,ADM2,fixed,Rashid,303872.1012155061,251962.31594657898,82.91722568103984,13.85350986486996,94.0,1623.0,364.0,18.74057606329745,18.276804468978888,14.7925,6.0331987650933385,29.136682952705154,4.829392182681452,3.6313264729580155,22.684931044545856,77.41016172227032,19.85514071421507,1642.176457230335
EGY,2026Q2,ADM2,fixed,Riyad,192100.95107152598,114486.73457336426,59.597172182003824,10.63977012889399,106.0,917.0,249.0,18.88766956651826,20.001906582748795,11.8475,4.720980424618364,37.619846946994535,7.968651331579214,3.1236436565140377,17.85272645457425,71.4741737483999,31.884100172215003,705.9160072863584
EGY,2026Q2,ADM2,fixed,Rud Al-Farag,202919.6640625,202919.6640625,100.0,79.10855305365958,7.0,2927.0,538.0,27.68097521687619,28.524482313839282,27.697,26.5709310258928,29.758670328387666,1.1199709298627316,8.280414950191924,19.077793156107052,100.0,100.0,81893.79645620429
EGY,2026Q2,ADM2,fixed,Rummana,44916.698206100285,32095.419321085188,71.45542883364966,4.820053930517219,97.0,516.0,212.0,47.622533940012154,56.53034863811477,57.872,7.920661629580616,112.57140843811192,14.212374382677973,19.834690102676337,10.0,82.52259170341264,60.99556915800287,81.22269950213521
EGY,2026Q2,ADM2,fixed,Sadat City,187219.02734228323,148532.16625745394,79.33604204977519,11.19539175666859,242.0,2967.0,943.0,26.999422691839737,25.969704929592822,21.154,8.434813902594602,39.27804164940312,4.656657764236026,5.573990456119508,21.0,87.29883359377067,54.27836577620481,311.3128886964731
EGY,2026Q2,ADM2,fixed,Saf,453929.83297896385,392285.84620666504,86.41993050605345,31.43767463887537,145.0,1783.0,603.0,26.0142353850007,42.78562607974252,28.961,10.009992805106194,95.92205336929699,9.582629601928009,9.338815015880584,14.0,89.24636516379665,53.52654843757292,3484.214147687089
EGY,2026Q2,ADM2,fixed,Safaga,72224.27775113152,64607.8605126803,89.45449165349127,0.9945509366201744,159.0,3991.0,2072.0,25.669050682373083,26.94902089840902,23.626,13.24898520205745,35.021053094150865,2.6433007932345194,10.700419678093809,23.0,94.16495089105416,54.38444491835178,15.197789994120317
EGY,2026Q2,ADM2,fixed,Sahil Silim,156266.04649156332,109101.57106399536,69.8178353605981,19.797876297162336,34.0,154.0,82.0,25.326053601865482,35.69416939320284,24.2575,12.149816943999001,69.5776832674314,5.726644573175811,9.808985703072619,12.419933330039196,92.78532313854501,62.04908501198781,3069.0875449966297
EGY,2026Q2,ADM2,fixed,Salloum,18854.60392699541,12305.205200195312,65.26366317659486,0.016872164283979946,8.0,43.0,11.0,28.67854467575917,29.16348514294155,35.039500000000004,8.924,61.185282418667896,6.856262037053776,3.7859889622457876,15.585517239591725,72.06718911756897,72.06718911756897,1.4640308925448098
EGY,2026Q2,ADM2,fixed,Samannud,442905.7455690516,418402.111618042,94.46752854390566,24.695583773378974,137.0,3674.0,897.0,19.80027370284699,20.987539229555054,16.565,6.397816628645149,34.14567737724864,5.337082845476862,3.4142120492998416,26.828991155476544,82.71531278796893,30.0857317048121,2903.644965614186
EGY,2026Q2,ADM2,fixed,Sant Katrin,7228.724856513257,3167.691094697453,43.82088345558327,0.2840898807628526,33.0,1285.0,392.0,28.450287206146232,34.81087242608705,28.237,20.521197666638532,71.87737054746854,3.5025914040251234,5.731872627220289,25.995851849846428,96.918095396373,63.59435882702299,2.155334929570864
EGY,2026Q2,ADM2,fixed,Santa,522891.9917718019,473204.32735061646,90.49752813141764,26.216808129393737,207.0,3268.0,949.0,20.41544164984744,22.81512083026248,19.538,10.827377666574467,36.01669858465531,3.3264470579837235,4.212701512754701,19.0,90.4294775832233,31.255176624824298,2398.0902578644354
EGY,2026Q2,ADM2,fixed,Saqulta,218064.02244010102,144295.2455444336,66.1710464338836,17.99883958870112,37.0,542.0,69.0,13.069847259148263,18.477104632436312,12.507,6.480799033553592,39.24459299326534,6.055517659177668,2.7497892359113485,27.330710081928153,57.093175788736886,26.824437924927985,3552.7399294899906
EGY,2026Q2,ADM2,fixed,Sayyida Zainab,148078.3203125,148078.3203125,100.0,92.27824469624159,12.0,1975.0,604.0,28.619836943313903,28.659326204816175,29.1935,24.279129958884184,32.70019913921269,1.3468439435263653,8.953576031297093,15.502371851765465,100.0,85.77256043329233,40628.68029549843
EGY,2026Q2,ADM2,fixed,Shallatin,13103.131838015617,6388.250823974609,48.75361785982051,0.013386357192578746,21.0,74.0,29.0,32.00919435321176,47.79537366029426,19.105,12.829834784202138,135.76423264120933,10.581915895626418,4.713547387300151,25.995831303364497,100.0,53.370141001583036,0.2644525532737972
EGY,2026Q2,ADM2,fixed,Sharm el-Sheikh,14576.86982614063,13334.913259224035,91.47995021064536,1.9204548918880557,172.0,5440.0,2418.0,22.792934509959036,30.986107718619362,22.3725,9.644014742768364,64.70190756606705,6.709022050654189,10.838617969369388,22.0,89.63369204311182,45.94763981174002,5.577336534776524
EGY,2026Q2,ADM2,fixed,Shaykh Zayed,75129.19686186314,75129.19686186314,100.0,98.28362491746785,138.0,14670.0,4712.0,64.66979812965499,70.39908222594634,72.0655,26.07453616144223,119.24251650796138,4.573140468143456,23.19134775356116,14.0,100.0,93.02801685933085,1909.780823836458
EGY,2026Q2,ADM2,fixed,Shaykh Zuwayd,26178.179964254618,1120.8291931152344,4.281539796294804,0.05657902054390813,5.0,20.0,5.0,12.689533554910085,9.659992625056255,12.757,1.209,16.724215019849623,13.833097617741624,8.93414352038287,41.31306948449069,69.01611772442708,0.0,10.772362095199027
EGY,2026Q2,ADM2,fixed,Shibin al-Kum (1),264213.9427871704,262030.00952911377,99.17342240344377,63.873719675372506,54.0,3145.0,942.0,24.323631028805007,26.544282773487243,24.073999999999998,17.529069393949833,34.47216597688949,1.9665713679465253,6.057931574905566,23.408410861721993,98.53180895077732,44.46967896577255,11271.58710021502
EGY,2026Q2,ADM2,fixed,Shibin al-Kum (2),559026.6026325226,500500.2399902344,89.5306659170278,32.439948571102974,189.0,3116.0,899.0,21.403595496684936,22.17150132137515,18.263,10.060474694229464,33.09598745539289,3.289704359017596,4.054047710985253,24.0,90.49207791822302,30.11535020335094,3460.7583677634807
EGY,2026Q2,ADM2,fixed,Shibin al-Qanatir,581426.9817763865,555616.3714675903,95.56081655688921,41.4104930412846,212.0,3898.0,1532.0,65.80711049710614,61.5155929293899,54.239,21.08060340872336,101.55965663723384,4.81768261885746,27.08811380301374,15.0,95.6452889528823,85.56740377976362,4074.2914975334143
EGY,2026Q2,ADM2,fixed,Shirbin,465947.90881476866,398508.85617601353,85.52648238935124,19.975584437612422,190.0,1804.0,855.0,39.03650124471221,58.80926071553006,43.726,11.10208188243012,125.23339039288058,11.280171747883777,23.281720695179352,12.0,91.70315448866523,62.9144615929209,1792.1299709282284
EGY,2026Q2,ADM2,fixed,Shroq,80375.16947713454,71368.20803117752,88.79385075695629,29.890216872392546,172.0,13061.0,3509.0,32.396400468145856,48.20495237228252,32.335,17.73363761886786,104.48107096149566,5.891688620632019,9.629025261675837,20.0,98.8517586403295,67.39071699473055,499.4966497916649
EGY,2026Q2,ADM2,fixed,Shubra,89836.984375,89836.984375,100.0,104.57774937020992,5.0,1449.0,422.0,25.201527931760744,24.70403133551163,25.667,23.039,26.15796589691599,1.1353776594867828,5.895917550980409,30.789294230782193,100.0,52.624440229832636,67098.13068337114
EGY,2026Q2,ADM2,fixed,Shubra Al-Khayma 1,559241.0695800781,559241.0695800781,100.0,97.18597902325672,36.0,4456.0,1458.0,24.849008053223464,25.010774589916817,24.543999999999997,20.29257324977265,30.197505036133037,1.4881062477609317,6.131705784138036,24.188074110092277,100.0,49.66285897686802,53974.45277140078
EGY,2026Q2,ADM2,fixed,Shubra Al-Khayma 2,727662.7426757812,727662.7426757812,100.0,87.61856650293835,54.0,6758.0,1944.0,23.817261070246023,24.033853230651545,23.567500000000003,17.51091936038476,29.505073462300324,1.6849528488521357,5.463126952269872,22.0,99.62133348285693,37.94954334322283,42217.282719215116
EGY,2026Q2,ADM2,fixed,Shubra Khît,297272.70007962064,229643.24842071533,77.25002947099023,16.794008171375197,116.0,1049.0,288.0,18.489386840554864,20.230774100690308,16.249,6.484839649428515,33.073164138092245,5.1000743157938935,3.7384559732360385,15.0,83.46920751450125,28.361067703372157,1566.6716229812475
EGY,2026Q2,ADM2,fixed,Sidfa,206000.82815504074,160122.72012329102,77.72916330354708,17.41163690828556,47.0,530.0,135.0,26.430786475102895,50.995579954834554,26.505,4.373462783437964,114.41704595723911,26.161659907231737,9.514173715917384,9.389103964091799,79.70954088070668,55.47630869131207,2568.0704442415627
EGY,2026Q2,ADM2,fixed,Sidi Barani,58174.57742545201,18834.279098510742,32.37544634105162,0.018341564161091124,11.0,24.0,12.0,3.069137101782686,4.8724519491151295,4.05,1.623430814907648,9.564858133167041,5.891755931533896,2.2274410324484597,49.54082074263324,8.746229832011235,3.356149194994344,3.567063054354689
EGY,2026Q2,ADM2,fixed,Sidi Gabir,277935.052734375,277935.052734375,100.0,93.85509377506011,36.0,18072.0,5144.0,30.642386786909775,37.41567072661433,33.322,26.961785849664565,61.60888782740663,2.285044773032834,9.119708896455627,19.750734969981707,100.0,100.0,26493.592695352196
EGY,2026Q2,ADM2,fixed,Sidi Salim,460479.64217196335,276945.393447876,60.14280938492659,9.059938684365374,163.0,1402.0,415.0,18.455074044028024,21.65357557913075,13.072,4.752994215637781,31.878729716596972,6.707083634083347,2.6072721402986825,23.0,79.32633203209639,30.12936997148174,937.2795597924516
EGY,2026Q2,ADM2,fixed,Sinbillawin,610437.7090665693,519507.50299441814,85.10409748257621,22.312329252205647,247.0,3929.0,1009.0,20.03729464235271,23.494427370797524,18.841,7.4994877206075765,33.56096202720932,4.475100603870361,3.5863003594985248,24.0,86.05636837120335,24.220357293667387,2001.978324129284
EGY,2026Q2,ADM2,fixed,Sinuras,700141.2402416266,564889.1743164062,80.68217408839631,18.74863980622245,153.0,2361.0,533.0,19.800078048965712,20.659531273588936,15.193,6.052851043322746,32.08652904765076,5.301060412356799,4.193619727052326,20.0,84.98458555223432,30.74394970169065,3023.7702050411813
EGY,2026Q2,ADM2,fixed,Sirs Al-Layyana City,82126.1143951416,77975.44435119629,94.94598024694706,53.099832051101465,32.0,543.0,159.0,20.005545305630616,20.35931014397807,17.186,12.319477476142737,28.137848850783584,2.2840131738763993,3.7566976737922877,22.673902888737828,92.76907170762576,27.516800389953055,4903.177206213243
EGY,2026Q2,ADM2,fixed,Siwa,35475.4978250635,19985.570343362167,56.336264657693754,0.016520839000130804,22.0,75.0,36.0,15.876852560596209,18.05101130118921,16.511,4.790577202831766,36.09632422045769,7.534859097797386,3.7154711856632883,29.246716825513804,56.284443740285454,28.09804560383018,0.9352270881002928
EGY,2026Q2,ADM2,fixed,Suez,19867.034501856193,19585.09149169922,98.58085005021442,37.718551355034236,15.0,408.0,152.0,31.47331316580721,34.068677439801625,31.424,23.837591579249334,53.93766604268337,2.26271458101649,10.095897882767046,13.77438479892319,97.2746224086833,85.58466658732459,1779.757469297185
EGY,2026Q2,ADM2,fixed,Suhag (1),159168.3233947754,157537.82421875,98.97561327451986,67.29687251558542,13.0,1230.0,436.0,26.849944569870807,27.040852673948105,26.717,21.72584220952195,31.87368924351116,1.4670864740765555,7.899870703907866,27.0,100.0,68.84699726549435,27539.07490348921
EGY,2026Q2,ADM2,fixed,Suhag (2),624522.2851056429,451337.9257965088,72.26930672620617,22.255683653498195,125.0,1359.0,442.0,20.576327837127142,21.334888277273695,17.68,3.8723522996186097,33.95511606567753,8.768601986193712,4.706507593145709,20.0,80.30345417615578,43.13660734015735,3716.83059998631
EGY,2026Q2,ADM2,fixed,Suhag-2,29372.778686523438,29372.778686523438,100.0,88.61625868013003,9.0,202.0,87.0,30.65097795920469,29.54546295176407,27.408,15.101990916856,44.2225346924513,2.928258594242205,9.731443098011933,20.346231935541308,98.42295966975409,81.55437782469997,9664.219010835108
EGY,2026Q2,ADM2,fixed,Sumusta,312269.0347303272,228308.92543029785,73.11289306269622,15.107674805476249,69.0,705.0,182.0,19.305545290011988,21.54074620679831,19.847,9.702272667236729,34.684310837099645,3.5748645731452076,4.247140812564067,14.945776808553367,88.78019374951546,31.133754080900122,2387.6558658652575
EGY,2026Q2,ADM2,fixed,Taba,421.0143554410798,260.9516944885254,61.98166193528884,1.0678636821835135,3.0,13.0,4.0,19.51598593032574,20.14598020858403,22.153,15.822,31.31361203271296,1.9791184447423185,17.35659904983104,50.08262049413541,100.0,7.704453886104018,5.290268112878757
EGY,2026Q2,ADM2,fixed,Tahta,312097.37166117644,180944.49192237854,57.976935518322165,15.815896220868781,74.0,868.0,163.0,19.57700785836676,21.12079561559776,18.311500000000002,6.293477811536604,38.28729565921239,6.083646722171287,4.032793121413088,23.0,80.38765346394506,37.7159073746737,2238.407230527621
EGY,2026Q2,ADM2,fixed,"Tal al-Kabir, al-",223804.09232831688,160343.11058926582,71.64440512287199,6.169345907660022,179.0,1398.0,437.0,22.747706958047882,23.335810322335334,16.347,5.044763890066774,36.074619523212284,7.150903453428976,4.408115608139646,19.0,79.91622146356079,39.642414940371474,278.0297969678463
EGY,2026Q2,ADM2,fixed,Tala,426307.35372570145,377177.9353752136,88.47558740868,20.789971980175988,142.0,1638.0,503.0,20.293784353041616,20.789012830660532,19.404,10.182687301196118,34.66874475694103,3.404675380031422,3.1896352904309313,23.0,90.36936791066744,20.038764706120617,2256.473303623487
EGY,2026Q2,ADM2,fixed,Talkha,431246.3211509935,400494.3944091797,92.86905760500468,26.78081050673094,144.0,4360.0,1187.0,22.976216813255576,26.351792666997778,20.732999999999997,11.862514851083432,49.88379867170791,4.2051621682186475,4.983262010319486,26.0,92.38209555314641,36.41207832430654,2925.6072662025304
EGY,2026Q2,ADM2,fixed,Tama,480530.3740221411,354750.50668144226,73.82478316866951,20.305387280275188,101.0,745.0,278.0,27.471527819904416,38.02124764656754,26.677,8.9356546447097,82.71531312138656,9.25677148571959,5.889638926472644,19.0,85.90538022673708,57.05136112599229,3246.862295675438
EGY,2026Q2,ADM2,fixed,Tamy Al-Amdid,193447.4630216016,163242.59591555595,84.38601021990515,17.881117866485912,82.0,616.0,224.0,22.640686311026098,30.934164249691683,21.159,14.211970532249953,48.48052771302537,3.4112460058239527,4.2345209182920005,15.0,92.78035029988338,43.369101744141105,1533.7636421959623
EGY,2026Q2,ADM2,fixed,Tamya,521898.18510612845,300800.7056427002,57.63589800212318,13.213266220487954,141.0,1126.0,306.0,19.888504648208105,21.421361595249238,16.233,4.474964884251092,35.910483800571775,8.024752088436014,3.322294083947409,18.664169890581295,71.57637993840396,35.302097203032965,1725.3729297878638
EGY,2026Q2,ADM2,fixed,Tanta,734765.6819340292,653618.8814220428,88.9560981810699,22.558692589468045,258.0,5847.0,1500.0,20.03613880642867,20.414977421699547,17.454,7.717657312006292,32.25767675754801,4.1797239049944634,3.4699989861724942,22.0,84.89207963097365,26.699219494742227,2329.239990803877
EGY,2026Q2,ADM2,fixed,Tanta 1,277040.799741894,277040.799741894,100.0,84.75494491822953,37.0,5791.0,1562.0,27.595624563307375,28.760245305834136,25.187,21.966271811964287,36.17343000146167,1.646771482712839,6.249043973448508,22.49170789615004,99.72298237268555,71.01366056582215,23000.876071148814
EGY,2026Q2,ADM2,fixed,Tanta 2,336287.4245605469,331507.9382324219,98.57874961147574,98.38608563662208,37.0,6289.0,1800.0,25.047811262940712,28.31660880366021,24.881,18.701567421441,46.84646962289213,2.504948840233762,5.756963678434883,21.709357797390492,99.74068414590003,53.28158622101552,32401.984103815546
EGY,2026Q2,ADM2,fixed,Tiba police station,45554.5330351732,28075.715927124023,61.631003670801384,11.712550310490764,18.0,46.0,21.0,25.838020018738572,25.35424125667014,24.6115,9.752228539255103,38.05305767025315,3.901985840167742,4.525167288823135,18.0,90.67020824880488,62.505879721727986,977.1098545277705
EGY,2026Q2,ADM2,fixed,Tukh,683894.2604150772,594510.910949707,86.93023839516937,35.27396335982865,269.0,3823.0,1048.0,21.926213977830706,21.56476484881689,19.765,9.559577075146148,30.612675975841018,3.2023044257293156,3.988151752894574,21.0,89.70504120490051,35.79391305161283,3220.319683184535
EGY,2026Q2,ADM2,fixed,Tura,181683.85044492455,163260.54765788466,89.8596915785728,11.62543216707748,39.0,3440.0,890.0,24.41356146949289,27.7567197359327,27.067,13.856169541889768,37.62902544732047,2.7156874296002913,6.090363375740483,19.0,96.22334072648813,47.33140012883539,1929.127316002196
EGY,2026Q2,ADM2,fixed,Umraniyya,939720.0576171875,939720.0576171875,100.0,104.02016134803377,65.0,20374.0,5820.0,26.83139936620579,35.87255161736943,26.654,21.8870570909383,75.35669828999521,3.4429799299602717,7.159891086795903,20.002599876708093,100.0,64.54353271686601,53616.844256745346
EGY,2026Q2,ADM2,fixed,Wadi Al-NatrUn,2831.1581369638443,1990.5410461425781,70.30836674765365,5.55413652480339,3.0,24.0,6.0,16.31282686947314,19.26479119374393,6.563,3.184,29.831,9.369032663316583,3.7510049409623023,24.876609215186377,58.81712396214793,58.81712396214793,188.43977689194173
EGY,2026Q2,ADM2,fixed,Waraq,927701.7531738281,878462.0648345947,94.69229327520661,64.88240697484181,64.0,6653.0,1998.0,27.583646290343765,32.54023799926361,26.5275,21.84680612893895,58.235471565774695,2.6656286150969315,5.855783507075012,17.843900292064543,98.54992311346665,68.16730617768197,33601.95448898513
EGY,2026Q2,ADM2,fixed,Yousef El sadeq,371453.0262538768,237909.66684651375,64.04838567230026,9.841837270351187,82.0,609.0,225.0,37.518002307808054,51.32841995522788,27.097,8.856620329357757,114.149081159253,12.888559847244869,10.141443923468783,11.0,86.06803320388285,59.17473145450508,1569.408510249639
EGY,2026Q2,ADM2,fixed,Zamalik,23196.073486328125,23196.073486328125,100.0,93.64988526154139,9.0,2115.0,747.0,37.56281644896437,38.909140226983425,45.994,26.23529047483037,47.786466966800546,1.8214575139789648,20.63767805882909,16.115080968386454,100.0,93.59424675789224,8616.239916677856
EGY,2026Q2,ADM2,fixed,Zaqaziq,1167040.7115927727,1051218.8321142197,90.07559219416777,34.74174505687776,402.0,12486.0,3282.0,22.642184215433534,30.26337796344047,19.7825,10.43886590481228,82.21793892428853,7.876137089411825,4.038723742767285,21.0,90.63220862795754,39.471785688693515,3639.90680424403
EGY,2026Q2,ADM2,fixed,Zaqaziq 1,119779.291015625,119779.291015625,100.0,115.26670193004367,12.0,1651.0,489.0,33.47861040722335,48.301900752483526,27.055999999999997,23.67697859721673,80.614,3.4047418537378884,11.128890280579393,23.716308619240785,100.0,74.06009665022373,41517.08212132665
EGY,2026Q2,ADM2,fixed,Zaqaziq 2,101399.06103515625,100795.44946289062,99.40471680299254,95.84495080631609,15.0,2584.0,809.0,26.228669232606286,31.908896477254064,25.83,21.087164618024897,65.00318089973618,3.082594653060788,6.1163271785498585,23.20024459222814,100.0,60.15783411289761,23385.348870565573
EGY,2026Q2,ADM2,fixed,Zarqa,179885.97009694576,146727.93534088135,81.56719240628128,21.05612262760716,52.0,604.0,204.0,21.246814636163357,27.30956505113469,19.948,13.832724378229848,42.998905737164776,3.1084914700416575,3.7944560067653628,21.44803121684973,98.25144825878607,25.605792192939614,2663.600280229979
EGY,2026Q2,ADM2,fixed,Zawiyya Al-Hamra,331781.99609375,331781.99609375,100.0,101.72847320537248,18.0,2230.0,754.0,25.535401105942515,25.092876708172867,25.6605,18.277799253703122,30.29368274084426,1.6574031873507251,7.342659545309367,22.129589861691883,100.0,53.86287817590468,66996.675717667
EGY,2026Q2,ADM2,fixed,Zemam Out (1),98367.07786726468,84232.23586710659,85.63051550719898,5.130760058979956,279.0,5184.0,1851.0,28.1445126560698,32.062747389641345,53.422,17.667047819568396,47.11062552918069,2.666581650217755,8.457645025081378,18.0,97.36190532687871,58.6878319415948,64.59446649676569
EGY,2026Q2,ADM2,fixed,Zemam Out (10),402310.729884476,214910.60667609255,53.41905912820282,0.06669248073677445,121.0,675.0,286.0,24.55054930126038,30.214488311880036,21.553,8.034844115201851,50.01241845709749,6.224441661845617,5.323996606414151,22.396315220019833,79.06120722510039,44.47679438208313,7.135857589868122
EGY,2026Q2,ADM2,fixed,Zemam Out (11),73448.59751324877,48542.7278213501,66.09074844838786,1.605796318907029,20.0,139.0,33.0,13.074372614641254,16.090601388464464,8.735,3.9158405835304144,34.96488428923219,8.929087776527615,3.978977391546715,20.0,56.9098198837255,29.191472825822846,194.04444496281823
EGY,2026Q2,ADM2,fixed,Zemam Out (12),399037.59161242686,268517.17569726676,67.29119795762735,0.2960157547559567,150.0,1212.0,370.0,17.02798562179107,22.36405683086413,19.0655,2.717057887701808,33.230671759618424,12.230387843420665,3.7165498181024024,20.333516047387192,76.9390201046404,28.226873475391013,26.614025657897145
EGY,2026Q2,ADM2,fixed,Zemam Out (13),284262.1788896528,171937.17765023297,60.48542170535355,0.3995108169898122,112.0,789.0,258.0,20.5920765729371,32.86847000479952,16.71,5.341774671965235,79.83643489201089,14.945676258305955,5.375576909928601,14.156958928715607,74.84248389657562,44.208848320926435,33.80054385909111
EGY,2026Q2,ADM2,fixed,Zemam Out (14),684782.0307387064,466594.23103675246,68.13762775483688,0.43993951835325124,168.0,1036.0,405.0,19.01868789396815,27.17312502547216,24.1445,5.99891473676666,58.23251306909111,9.707174651473327,3.9374568787314757,22.0,84.18362608971697,40.30161617143712,59.3288315035852
EGY,2026Q2,ADM2,fixed,Zemam Out (2),5542.441088626885,909.6601177453995,16.41262583037691,0.20426808235378907,6.0,28.0,8.0,9.17097899132146,11.015536283410716,19.1315,2.567162289655897,24.885835077253553,9.693908007891956,1.7072942547563725,37.483208638284616,17.01518339809198,8.801868793910833,6.8273311162752535
EGY,2026Q2,ADM2,fixed,Zemam Out (3),275462.8801567096,261845.73184496645,95.05663038736965,18.950899880353788,495.0,10931.0,4100.0,25.619966902478126,28.589564222526835,27.788,15.374125416563567,38.36447162323167,2.4953921334542435,5.510236537397825,27.0,96.49738750900734,54.5670773110983,378.312731246722
EGY,2026Q2,ADM2,fixed,Zemam Out (4),109273.17117853463,99227.0616158843,90.80642626703255,40.838661489784165,183.0,8638.0,2441.0,27.203273920298294,29.570579287230014,25.686,16.89502562432883,40.051487743000195,2.370608286342346,7.3209807864165315,19.096405186785848,95.0138014659753,66.32353709651588,873.7130942839598
EGY,2026Q2,ADM2,fixed,Zemam Out (5),92770.55916764977,65743.12258728227,70.86636447719903,0.8781787677195978,109.0,716.0,277.0,19.672541148824905,32.06937964867618,20.346,11.455603186337779,62.43525243980425,5.450193361643846,4.497324166504977,20.008252603572622,93.0061118489093,40.52725801506977,26.865773759533543
EGY,2026Q2,ADM2,fixed,Zemam Out (6),350023.10028303805,284704.6769091979,81.33882497440256,0.7604784280333261,947.0,42183.0,14700.0,30.072100977666352,49.738190908644626,55.168,11.1483211421557,110.0211818041699,9.868856521197738,11.06894359920822,12.0,92.39652499817295,59.832956149934816,10.004703387290151
EGY,2026Q2,ADM2,fixed,Zemam Out (7),112797.2550986866,49441.54833906889,43.83222649860793,0.14868599069204705,47.0,425.0,87.0,28.504319615301153,26.67102895016992,18.376,6.987491916269588,42.87932766712443,6.136583509640239,3.9193390989015127,7.0,80.93441809228341,57.921887327369426,12.502188641908392
EGY,2026Q2,ADM2,fixed,Zemam Out (8),103873.2926919373,31300.202879846096,30.13306122168941,0.3774995134553831,47.0,416.0,82.0,14.172489363357759,19.18108005445059,15.334,3.1329946879968484,32.0728343558727,10.237117374871517,3.3058703751887437,25.0,54.99666026138015,22.09325792589781,29.38192704536246
EGY,2026Q2,ADM2,fixed,Zemam Out (9),205201.0088041039,99996.3340738451,48.73091738516113,0.10622883877989073,105.0,1224.0,414.0,15.090492287337483,16.015908402289327,17.261,2.4946539947147666,32.25299208242049,12.928843900096947,4.842811045484201,23.71519678518432,60.4663517219333,15.72433744921481,7.126719262249364
EGY,2026Q2,ADM2,fixed,Zifta,573743.6622090667,542687.5421237946,94.58710882039242,31.960758985092596,244.0,3202.0,1419.0,54.41823960029914,61.40410405754146,54.4645,21.02575197365208,107.05801222058645,5.091756639893005,31.924163767851205,8.0,96.71283917892511,84.18914435519257,2719.6734647453136
EGY,2026Q2,ADM2,mobile,10 Ramadan 1,4420.824766159058,2423.352725982666,54.81675601650563,33.79940552875272,20.0,55.0,34.0,30.068892439784463,40.85985213888529,29.105,11.698315148193302,87.75888693597108,7.501839865335192,9.717673444747609,28.0,98.10236286496358,66.93646082613333,267.6178624276127
EGY,2026Q2,ADM2,mobile,10 Ramadan 2,870.4146222866841,542.3584824800491,62.310359751908585,28.01982795322643,22.0,92.0,38.0,33.77281876281545,34.655467241796345,21.0705,10.474955242093971,62.39824117810554,5.956898118987282,8.914861077747236,24.42015713904199,93.05329539720756,74.07523894311068,39.71647352967355
EGY,2026Q2,ADM2,mobile,15 Mayu,98633.6187997516,89129.34788086003,90.36406548340544,22.959935366041428,66.0,242.0,170.0,40.87730726170368,44.70239121908081,32.71,13.800235911863526,71.34806791134807,5.170061466124134,13.418230048779396,29.39809682160741,96.65349436916489,65.7186716481534,1219.5759057055293
EGY,2026Q2,ADM2,mobile,6 October-1,66615.71164703369,66615.71164703369,100.0,96.34842811591272,113.0,1406.0,968.0,67.323173040047,72.96777206293869,69.5,39.796533389451724,104.07231273467765,2.6151100076033895,13.60553031154707,25.0,99.55228206321313,97.35687032650108,2024.7537485740932
EGY,2026Q2,ADM2,mobile,6 October-2,187125.89324951172,185760.5083618164,99.27033888042703,93.02503840519722,177.0,1586.0,933.0,51.35096086753784,52.91951087410051,51.344,26.084485446512975,85.50061229153194,3.277833962523567,15.81,24.857155138683073,98.9549589883143,90.4938900511009,3502.523204015587
EGY,2026Q2,ADM2,mobile,A L Labban,27316.955078125,27316.955078125,100.0,77.05132777671412,3.0,84.0,66.0,56.36084899372121,55.395709981700975,53.293,45.11,60.038,1.3309244070050985,13.977,27.36449918178853,100.0,100.0,25639.552842164492
EGY,2026Q2,ADM2,mobile,A-Dakhla Oasis,111233.45494522776,56230.96342364916,50.552204326780775,0.007139874705205531,62.0,106.0,72.0,37.92367335201022,36.81921479389378,40.786500000000004,4.9002910084700035,62.27928730506599,12.709303834694337,9.949756661834353,39.815596810538615,84.91374486591575,63.75223320125668,0.4150826728116375
EGY,2026Q2,ADM2,mobile,Abdin,18219.984375,18219.984375,100.0,99.59723436510585,6.0,259.0,190.0,52.13182597748523,49.257025933056774,49.620999999999995,33.831749102649376,59.169,1.748919330788205,14.514028896725783,30.658109416425827,100.0,100.0,10794.417001362024
EGY,2026Q2,ADM2,mobile,Abnub,414456.897131443,206086.67625427246,49.72451361785712,9.228089388057763,40.0,96.0,56.0,32.96695493854109,33.16769761481212,18.6045,12.106883426555495,56.32873731883977,4.65262077235229,9.578483188595538,36.0,91.94009645370313,64.00067995656961,3237.6756276695937
EGY,2026Q2,ADM2,mobile,Abour,23175.877571105957,23033.661712646484,99.38636257452112,80.78925642378293,49.0,469.0,293.0,55.825779103839125,62.24956707341862,54.251,36.091686196793354,91.14675855166303,2.5254225600509947,13.38468191575607,24.679260335924067,98.59847880295203,97.36555115928532,1368.5966373018437
EGY,2026Q2,ADM2,mobile,Abshaway,471809.94964538084,283766.71797943115,60.14428440788803,10.942212298521177,61.0,128.0,86.0,26.119381445867933,30.782425758172682,22.178,10.680385795394292,48.605166256876444,4.550881137443225,8.089787917334624,26.0,91.53184977324786,53.35777932618625,2980.4870781222057
EGY,2026Q2,ADM2,mobile,Abu Hammad,459622.9458635107,239794.24346256256,52.17194781519278,12.112704798633924,116.0,273.0,180.0,27.26190190086363,35.387075744450925,20.02,2.265349964861727,79.707085943071,35.185329939931016,3.4629229678298934,36.251825300807795,77.41127844419512,51.72075848661953,1730.107718683051
EGY,2026Q2,ADM2,mobile,Abu Hummus,609018.3340457578,208735.72468735278,34.27412821888375,5.531947747029762,108.0,307.0,165.0,19.022342072097906,28.12920801171066,19.2215,8.340120843569258,55.1189566748044,6.6088918504465655,6.020888396054567,29.0,78.87585134361298,38.73254387971243,1137.8487021107808
EGY,2026Q2,ADM2,mobile,Abu Kabir,459858.1255428654,257695.96830749512,56.03814611371353,9.069300344868319,63.0,151.0,107.0,43.23336886714094,46.71097824248599,36.414,7.185558765965989,87.25398859063887,12.142964998618156,10.943144035226632,28.72069051482832,82.30926208890739,69.94115320407163,2395.673072390552
EGY,2026Q2,ADM2,mobile,Abu Radis,13601.013792432313,3175.8200079302187,23.34987712237498,0.09860956006156142,14.0,27.0,21.0,34.12771853637139,43.1680800638226,40.735,18.59457073339968,74.10010006417535,3.985039564859451,11.900986762989357,33.0,100.0,79.54322001060379,3.351164972537625
EGY,2026Q2,ADM2,mobile,Abu Tig,364040.90303845704,200014.88635253906,54.94297060663253,7.984607260353543,36.0,96.0,56.0,23.801308097222247,31.92277748363788,23.5165,11.704565056824418,66.59323840264533,5.689509868956449,7.601783307145368,31.005929803156445,91.69452662792017,45.902672868716365,2721.7771780303638
EGY,2026Q2,ADM2,mobile,Abu Tisht,407900.7919566516,151700.8605041504,37.190626616942666,7.167649784425466,42.0,92.0,52.0,32.93434578098031,35.534690435441725,32.587999999999994,6.211829807208997,70.37221050384396,11.328740916593546,6.1641365304099605,31.0,73.90331789881905,63.983743814647134,2309.8192557068637
EGY,2026Q2,ADM2,mobile,Abu-l-Matamir,790084.1444515807,266968.5437313318,33.789887520985765,3.9357132670196657,229.0,603.0,337.0,23.865305194745627,35.36363097200451,26.006,4.563846822616112,75.94344457453475,16.64022644191245,9.287997568427912,30.0,79.3454659410856,48.25822792180872,492.2047198554098
EGY,2026Q2,ADM2,mobile,Adfu,366289.6861287228,168752.52128362656,46.07078159015457,6.932855158803789,62.0,158.0,103.0,30.49658875393589,39.4339428095905,33.5095,12.701075525714495,86.30058164296705,6.7947459621229385,11.162230623761559,40.0,93.78402806902412,69.47800872012174,1334.246843853484
EGY,2026Q2,ADM2,mobile,Aga,587060.4714844213,398766.81950473785,67.92602106158324,11.519058117308976,102.0,206.0,149.0,29.26135032844351,33.16980291117038,24.901,6.524804574169109,62.20965711102394,9.534332623126254,4.40021350729728,34.0,79.86072484366518,51.977785233800354,2407.8441683176757
EGY,2026Q2,ADM2,mobile,Ahnasya,416303.70387280546,221058.48765563965,53.100293271274936,6.985294768629643,50.0,123.0,68.0,19.280096667347003,29.095092106698235,26.8365,8.701231637606208,62.96844995291663,7.236728382309778,6.854528425831028,25.0,82.87522653512774,43.09865456707347,2036.9441544263266
EGY,2026Q2,ADM2,mobile,Ain Shams,636714.203125,636714.203125,100.0,97.37724975805624,29.0,829.0,526.0,41.18353888237983,43.08623997206644,42.643,26.059264864134157,60.95888325212302,2.3392403266149633,10.299921758988617,26.0,100.0,88.34022252558866,76429.02629339758
EGY,2026Q2,ADM2,mobile,Akhmim,455285.72180982307,306847.8899459839,67.39677421163606,17.865437968296735,49.0,207.0,153.0,36.62099591200623,39.086966107403704,36.634,8.572421127470948,72.13681397269657,8.414987189736737,9.801786497866376,32.436841843066254,87.64124231856472,60.36888777925614,5550.486543052415
EGY,2026Q2,ADM2,mobile,Akhmim City,2.150639772415161,0.0,0.0,2.039535945419305,1.0,1.0,1.0,,,19.096,,,,,,,,0.1465827754335151
EGY,2026Q2,ADM2,mobile,Al Amreia,846533.3354710521,586504.4620227119,69.28309110194135,10.256097228721336,349.0,1260.0,784.0,28.687196186693875,34.86408521873293,31.402,8.412704397154416,69.852452294983,8.30321012094642,9.718329658075584,25.175451354211283,87.65698423512868,55.05175567515843,905.9288348659798
EGY,2026Q2,ADM2,mobile,Al Attarin,82642.974609375,82642.974609375,100.0,108.41448042397818,7.0,371.0,297.0,45.538351314781444,52.6456669399191,45.729,35.59987785310547,67.64,1.9000065190981994,11.649450749378554,23.99618899643127,100.0,100.0,46781.93147961685
EGY,2026Q2,ADM2,mobile,Al Azbakiyya,57388.982421875,57388.982421875,100.0,97.36178192616202,5.0,265.0,178.0,52.228362420340154,50.50719165280755,40.549,31.132273999340043,61.548,1.9769837565127664,12.610573050922275,28.576227423996496,100.0,100.0,39895.5565961524
EGY,2026Q2,ADM2,mobile,Al Darb al-Ahmar,93076.126953125,93076.126953125,100.0,90.26613056546414,6.0,70.0,50.0,64.02447522782882,60.52461999379414,60.539,36.46150605976274,76.13952767609494,2.088216749777077,19.891854364373327,24.55785293829797,100.0,100.0,49971.04142264038
EGY,2026Q2,ADM2,mobile,Al Dikhila,478667.2076469343,477235.3923162804,99.70087457260911,60.877900581181436,99.0,1070.0,694.0,35.3449645718289,36.4297229766915,32.66,19.562497258428756,57.39004794756537,2.9336769835373713,9.524922336254052,26.502312326211033,98.00914110372507,72.09697187549212,10739.988559804611
EGY,2026Q2,ADM2,mobile,Al Farafra Oasis,38695.07260130425,11040.980209350586,28.533297567655787,0.006200923038136108,8.0,10.0,8.0,11.959429659330084,34.57963062545424,17.8375,3.719,85.798,23.070180155955903,15.660300291377137,38.65794263088991,65.83197955734863,35.09593545140051,1.0114959651191635
EGY,2026Q2,ADM2,mobile,Al Fashn,525172.6581474798,225714.35233068466,42.97907532484283,4.66204515309779,41.0,117.0,58.0,40.24469142766696,39.32319845473139,24.35,9.228947959207375,66.89547794276031,7.248440259761266,13.160431298018532,34.0,90.04788275594147,61.462192393193845,2079.874664015931
EGY,2026Q2,ADM2,mobile,Al Gumruk,41351.256103515625,41351.256103515625,100.0,96.12160308039682,6.0,213.0,125.0,44.59286845775877,43.86081266509371,48.295,24.37575735237388,53.65,2.2009572553763213,10.412850069982785,36.848593272789124,100.0,91.32930003200144,24215.06181268485
EGY,2026Q2,ADM2,mobile,Al Hamul,317466.36683495954,103616.51013040543,32.63857874565726,3.26230701722104,76.0,197.0,102.0,31.371124748623096,42.57331757385222,26.372999999999998,12.052407999338524,73.88635357157979,6.130422532628742,6.4810581569668,36.6048852340258,91.73019353917662,61.8227010252057,500.34638714982776
EGY,2026Q2,ADM2,mobile,Al Khalifa,400648.8501586914,395146.13372802734,98.62654880240278,85.09086913373531,118.0,1492.0,835.0,47.57931956708744,50.56347276868735,51.1845,20.500499088108104,87.04682545065535,4.246083233219885,12.285712002326145,24.0,98.37371704601163,84.72826621658116,10303.924091411986
EGY,2026Q2,ADM2,mobile,Al Khanka,784851.268810004,707740.2997055054,90.17508511881306,39.71029050658292,174.0,919.0,500.0,35.503114957597454,41.69270896877308,35.519,14.97751658999934,69.32100257512035,4.628337559072161,7.604725760997617,24.0,94.1011311237396,74.56588505199471,6414.986770467234
EGY,2026Q2,ADM2,mobile,Al Manshiyya,39249.76953125,39249.76953125,100.0,86.82913807506755,2.0,60.0,53.0,52.676,52.676,61.5835,52.676,52.676,1.0,13.05,28.0,100.0,100.0,62283.2069206479
EGY,2026Q2,ADM2,mobile,Al Matariyya,516774.09375,516774.09375,100.0,103.30417141271835,23.0,382.0,267.0,34.01428230308164,37.744160846345224,34.176,19.965005346675035,59.73663338627523,2.9920669866599234,10.285376240133015,28.0,97.37453937765174,84.55313434083756,82973.35433010872
EGY,2026Q2,ADM2,mobile,Al Raml,391787.88671875,391787.88671875,100.0,101.11150110119742,24.0,1165.0,747.0,42.057695205690074,43.54209719623638,46.061499999999995,25.94955200046378,57.4793028278317,2.2150402761020467,10.022970023187874,23.86932191152663,100.0,90.91078065506721,60380.229918236146
EGY,2026Q2,ADM2,mobile,Al Sahil,326259.140625,326259.140625,100.0,101.46845768673577,19.0,436.0,316.0,49.78770981842048,48.79041359794795,47.29,31.354091107365736,70.14869870099041,2.2373060810718575,12.063856559747927,26.224872961005374,96.92673392980853,96.92673392980853,62243.74522465954
EGY,2026Q2,ADM2,mobile,Al Salam,726377.2747802734,725861.3006591797,99.92896609805837,91.92860483892214,103.0,1247.0,808.0,34.50521900155243,35.1925705599756,33.214,17.664776731403357,50.30136214527586,2.84755153773629,7.171763497733699,25.0,97.52412623840698,78.17318150332751,23191.1151862396
EGY,2026Q2,ADM2,mobile,Al Sharabiyya,135942.2421875,135942.2421875,100.0,98.59784923088914,13.0,183.0,144.0,39.198813024010384,40.364816099464456,42.393,23.548075295839883,54.596606996775414,2.318516749707383,11.011155412158828,28.462970814527402,100.0,92.1383912569146,36824.733336959034
EGY,2026Q2,ADM2,mobile,Al Tibbin,73671.68629159406,62089.575927734375,84.27874948047551,16.74053233010085,15.0,47.0,38.0,34.76480781394612,48.0859356659155,34.753,24.03682095266781,80.33695774213085,3.3422455448799426,10.933641229879857,25.077735147065734,100.0,90.06143803304553,2919.23394474496
EGY,2026Q2,ADM2,mobile,Al Usayrat,218878.55881023407,98121.9799194336,44.82941611677211,12.638442849196018,25.0,77.0,39.0,32.27577402139005,36.0291154103092,24.918,6.255331071804334,79.08012780614335,12.642037151733504,7.002372194713222,33.21514820729005,87.90300562184818,63.77606744991133,3687.992529605682
EGY,2026Q2,ADM2,mobile,Al Waqf,91207.97816751897,32583.94581604004,35.72488555353576,7.418930998495011,10.0,33.0,11.0,6.414498587492043,8.354443992404306,11.788,0.212,17.418,82.16037735849056,0.9479349304850276,44.148088841640806,50.709926386508705,0.0,2243.435173328895
EGY,2026Q2,ADM2,mobile,Al Wasta,529361.9236781001,285716.9079761505,53.97383060552202,6.824103387591627,47.0,112.0,76.0,25.090668574356624,35.89936705824137,26.377,11.982277346359615,70.03105832211303,5.844553276292628,7.374539800005045,25.339882935248436,92.18201279835527,49.28203714869905,2703.808337015546
EGY,2026Q2,ADM2,mobile,Al Wayli,72085.19482421875,72085.19482421875,100.0,95.63189878666097,17.0,443.0,295.0,46.00735458406963,46.65831137879649,46.62,29.60038323962451,60.04805908985473,2.0286243797503096,13.282000973424772,26.0,98.28585634547396,98.28585634547396,14480.299985013067
EGY,2026Q2,ADM2,mobile,Al Zahir,60970.375,60970.375,100.0,85.29206633220589,6.0,178.0,121.0,44.8451102886817,42.76747562162923,43.1135,27.6504160909259,51.59,1.8657947074051593,13.13947718916866,22.79719178738843,100.0,91.79149265905312,30945.55274967292
EGY,2026Q2,ADM2,mobile,Al Zaytun,403932.1181640625,403932.1181640625,100.0,92.05311575738634,27.0,850.0,475.0,45.7509267460313,47.04620613197023,47.387,30.926935060808127,63.14979942325723,2.0419029334492067,11.828441553945714,25.0,100.0,100.0,49209.255074490175
EGY,2026Q2,ADM2,mobile,Al- Badari,227567.73938560486,87674.18884277344,38.526633467238895,10.252510366881575,24.0,54.0,30.0,29.122732542864536,28.183533191187358,15.796,5.584369420957469,60.712302807943786,10.871827816422352,10.487972635734364,34.0,81.20412434065136,53.45005800941944,3273.556415508508
EGY,2026Q2,ADM2,mobile,Al-Aguza,180854.828125,180854.828125,100.0,108.6368885555243,21.0,1047.0,706.0,60.64782902205845,63.07855443452739,53.809,43.06691068091708,79.5897408424044,1.8480485269093274,16.78576885570313,26.0,100.0,100.0,33401.993023800525
EGY,2026Q2,ADM2,mobile,Al-Ahram,703200.7133789062,703200.7133789062,100.0,94.90200160805323,68.0,1578.0,935.0,37.00761335915993,36.272265060658164,37.138000000000005,19.67811819016137,55.228215528043826,2.8065801310034173,9.50736505357133,29.0,95.19555718482346,76.41689870219726,34988.3505005773
EGY,2026Q2,ADM2,mobile,Al-Arab,59726.9296875,59726.9296875,100.0,114.14263439566025,7.0,113.0,83.0,44.821452572873625,43.458775089696516,36.755,31.312287618574977,50.919,1.6261667183267052,9.95231966735604,32.30990085145533,100.0,100.0,35645.72560022368
EGY,2026Q2,ADM2,mobile,Al-Arbiin,498962.6666793525,490346.4062194824,98.27316530168235,62.75195135925069,83.0,401.0,281.0,34.19072175519176,39.009375301606234,32.042,11.675622946775107,73.548122582587,6.299288947396295,9.960388220197988,28.0,92.25813385655327,65.54379097017805,13444.182781284007
EGY,2026Q2,ADM2,mobile,Al-Bagur,440926.54144382477,246090.51977539062,55.812135728904224,14.065230211038884,84.0,175.0,126.0,32.766300578338395,37.78575068689609,28.880499999999998,10.247460260127632,76.92535135204056,7.506772351326246,6.308599791511948,31.465184438231038,90.58140592634777,63.8796921366669,2655.254100799643
EGY,2026Q2,ADM2,mobile,Al-Balyana,562733.4713040981,285694.3507232666,50.769034594865765,10.749547207699123,54.0,158.0,83.0,21.47887176693702,29.768328118898044,20.253,7.964476418146884,65.85503476844214,8.26859561268747,8.193648060920095,36.0,84.11077087176137,43.788376048585654,3723.2232063279107
EGY,2026Q2,ADM2,mobile,Al-Dawahy,142351.10546875,142351.10546875,100.0,96.4680212494566,15.0,222.0,129.0,43.78865602119366,43.411537204067535,46.998,19.666322480881753,69.67072270137356,3.5426411200722785,8.62245028145568,36.0,100.0,81.31220203546847,33496.230647091914
EGY,2026Q2,ADM2,mobile,Al-Dilingat,415713.1246301532,118299.51232910156,28.45700684440716,3.4716365464346692,67.0,161.0,87.0,26.78741267066988,32.872904891422046,20.552,5.524190492047636,53.32817342718025,9.653572501518362,9.446466900996198,33.219650263426,82.45160665367058,50.80258991072052,781.2404767488212
EGY,2026Q2,ADM2,mobile,Al-Ganayin,61349.65479359361,11376.042677164078,18.542961187700133,0.7551313888590758,32.0,82.0,48.0,11.29816996381625,23.35459146016704,22.4565,9.961431694342096,48.81782405429374,4.900683511389365,5.623555699707045,28.0,91.37245645611539,31.060688232477712,51.67173111524971
EGY,2026Q2,ADM2,mobile,Al-Ganoub,33148.71129040196,17134.35144996643,51.68934411917122,3.6909931075367424,24.0,60.0,35.0,13.167637071342366,19.76499816648712,25.18,5.005869812997594,43.96569001354348,8.782827291949912,3.499969255153176,39.0,52.98757850669566,30.950827777788586,186.2405905166384
EGY,2026Q2,ADM2,mobile,Al-Ganoub 2,46577.03787101559,12308.513596057892,26.42614077379393,1.7012594360383657,11.0,17.0,13.0,66.11671114350811,77.57758637321085,20.048,46.11399346959809,111.421,2.4162080014487866,21.516718270839128,25.0,98.30498137433445,92.28743229207723,262.09357812180855
EGY,2026Q2,ADM2,mobile,Al-Ghanayem,153159.17147636414,66682.61633300781,43.53811508003517,10.377280436310771,16.0,28.0,19.0,27.015015829385597,27.242477129349798,26.851,0.26074648222756963,61.609648301068574,236.28180052415055,1.1788983793726768,32.83365350337853,75.20617079097988,60.67369828024304,3340.52707874439
EGY,2026Q2,ADM2,mobile,Al-Hammam,67177.24563227463,47716.57328410937,71.03085700373585,0.3079755370734237,227.0,730.0,447.0,55.706374118380246,62.81297703164117,80.863,2.303514508269546,126.66938196649234,54.98961760898539,9.33618960281143,25.0,76.4185159072863,65.70982074671437,3.2957912957199067
EGY,2026Q2,ADM2,mobile,Al-Hasna,6387.7691894504305,726.7828308343887,11.377725294688007,0.009621952825682756,2.0,3.0,2.0,17.84930340676579,17.84930340676579,16.197,15.201303406765794,17.852,1.1743729812046535,13.402226094506792,23.01140553029574,100.0,0.0,1.1014174351268833
EGY,2026Q2,ADM2,mobile,Al-Husayniya,658867.4294030828,253922.8558101654,38.539294018557435,2.7142994501128186,114.0,222.0,147.0,28.377423904574083,37.31545677169238,24.037,5.057161198918363,68.87929867664059,13.620150904300349,10.324055861510711,27.0,82.12987278370085,60.53196403543478,569.4532585511679
EGY,2026Q2,ADM2,mobile,Al-Kharga Oasis,128816.11771907662,72135.52754919231,55.99883681210308,0.014273660840058591,39.0,67.0,52.0,24.65181809873195,25.657492874073675,24.065,6.596138652907577,38.97940344067358,5.909427544172599,7.020679691912316,33.58887721338881,72.66960506676016,27.388368286503255,1.5505349375613136
EGY,2026Q2,ADM2,mobile,Al-Mahmudiyya,259859.76167869568,98116.12197875977,37.75733547392217,5.701824135524077,34.0,87.0,56.0,32.00685647938275,31.25200064079658,18.454,4.471516672710852,50.44731546080092,11.281924938058498,5.206074140704122,32.28933904884042,79.13070065719221,61.73043284017717,1592.5848600261563
EGY,2026Q2,ADM2,mobile,Al-Manasra,55940.57137316314,53880.48849660158,96.31737247941328,13.957077026712179,25.0,90.0,60.0,70.3742841834305,64.65937719213939,41.425,37.06166366950441,82.82836808306729,2.234879923947431,17.605171289872118,34.69311131977924,100.0,99.04420563414126,1143.9357522496807
EGY,2026Q2,ADM2,mobile,Al-Maragha,455888.0057374146,162669.8180923462,35.68196926550461,7.5490069057986515,39.0,109.0,63.0,22.444230082038967,28.996328887472764,18.449,5.128639131485964,59.62857280380381,11.626587731183793,9.139867125930014,37.732690053007,77.12889436912342,45.17166518665815,2956.083777176106
EGY,2026Q2,ADM2,mobile,Al-Minshat,417552.31715267897,198524.47814941406,47.54481534270187,10.242239830937725,43.0,154.0,64.0,17.772549556504746,34.4287572854202,18.867,6.436524047614199,86.54092567140567,13.445288952735826,3.7474429314436235,32.02765290083141,81.2585280192566,36.62229791593042,3319.1618890743507
EGY,2026Q2,ADM2,mobile,Al-Munakh,108677.845703125,108677.845703125,100.0,87.2475297004473,11.0,171.0,122.0,37.62703779786705,47.97325787187333,37.07,24.054927626168332,97.94703746118402,4.071807613947323,8.401536178344838,32.731966333668886,100.0,85.23518079175726,31551.9305940284
EGY,2026Q2,ADM2,mobile,Al-Qanayat,74866.36447548866,59083.707763671875,78.91889525771744,12.278405771404042,8.0,16.0,14.0,50.204385453993105,49.48590688324861,24.47,24.402608750743187,78.86872461057412,3.231979228785207,12.034506696108593,26.265701177231474,94.01948098328498,85.06293531322896,4149.662031537388
EGY,2026Q2,ADM2,mobile,Al-Qusia,514131.03770602174,351086.92601013184,68.28744041142329,12.812240555055915,82.0,281.0,191.0,37.29104902830471,44.45103661015591,34.3095,8.697923389718762,86.67787022667441,9.965352227536354,9.468310379327129,37.0,88.50254429897286,67.6943505412447,2726.6100750031874
EGY,2026Q2,ADM2,mobile,Al-Rahmaniyya,193870.20719763546,90908.17321586609,46.8912549947359,5.696859893963563,25.0,31.0,30.0,41.23793235643714,34.397696703488926,27.014,6.792595651040077,58.5021179410263,8.612630715339062,13.75294612899585,28.241260620811182,74.97038446790062,68.2746412430344,1611.7114369435644
EGY,2026Q2,ADM2,mobile,Al-Salhiyya,166811.55951780904,80389.72744345665,48.191940460141865,3.0968103731262517,61.0,186.0,109.0,33.17296694038678,48.44330559973954,23.841,4.987711271864446,118.17162386060757,23.692555045680116,14.241544752149903,32.0,83.43108753033842,66.01446218484051,305.8070455615843
EGY,2026Q2,ADM2,mobile,Al-Sharq,29775.658935546875,25770.4560546875,86.54873469121495,64.58086087910952,11.0,212.0,157.0,46.71512313169353,37.86828752426243,45.814,12.426722711612777,49.02217446205211,3.944899681091368,11.558357900772302,33.42561685564911,100.0,79.21722804787291,6397.6196420169235
EGY,2026Q2,ADM2,mobile,Al-Shuhada,393142.7263274193,258877.77890014648,65.84829415985341,9.798027241455843,55.0,97.0,81.0,12.795831139343274,25.413052559615238,19.221,2.5334755996238485,60.9399759333025,24.053902844910134,5.061963707657597,30.0,59.67204649588867,38.88120289613109,2527.57307200619
EGY,2026Q2,ADM2,mobile,Al-Tur,48355.78137362604,35647.094992172904,73.71837240461873,0.25056090857076724,39.0,69.0,60.0,20.875750552011183,25.04443104436837,30.242,2.8957021620139773,47.206261346133736,16.302181199913708,4.906028254989373,35.832586816882994,62.145797007209566,45.04845153310306,10.721721092917353
EGY,2026Q2,ADM2,mobile,Al-Zohour,193557.458984375,193557.458984375,100.0,101.84828275450015,19.0,190.0,115.0,21.008456129887033,25.945385841947083,24.082,11.183364725662104,54.92084984439588,4.910941491371625,6.3270067813757755,35.13488383454035,88.95263190965026,33.93622956493076,37977.01588711446
EGY,2026Q2,ADM2,mobile,Alamn,20940.93777787232,18940.700856123825,90.44819796054173,3.387008369565776,188.0,940.0,593.0,79.43609327017613,87.1263005516528,70.8485,25.942591767051738,156.26530726495727,6.0235040765441665,27.31952803549956,26.0,97.76439379971707,92.1835172969834,13.70144362385822
EGY,2026Q2,ADM2,mobile,Alfath,317695.76126003265,179876.958984375,56.61925052791197,12.035269806452847,32.0,68.0,52.0,21.679973264387367,29.42181299048077,18.863999999999997,8.107839133624223,57.272573970263345,7.063851789158817,7.152755136847447,35.191210821029216,85.98814734052127,46.33638270005638,4040.0763734259385
EGY,2026Q2,ADM2,mobile,Armant,208669.22390149167,117939.48495864868,56.519827291026594,6.847015524667978,27.0,59.0,35.0,26.06367035062421,30.70793688305901,23.272,6.001160838886189,74.27781554628864,12.377241260554941,11.342128968210613,38.0,86.51477304439327,54.1029546258207,1740.3281041134298
EGY,2026Q2,ADM2,mobile,Ashmun,907529.0007505417,557268.7708778381,61.405064787678135,16.46234717121468,179.0,415.0,271.0,28.86644082181929,37.41464141150641,25.762,9.625070358284786,76.27793231543988,7.92492205002778,6.4187379050699,27.0,89.6702775729419,52.340966987763096,2994.5419469337553
EGY,2026Q2,ADM2,mobile,Assuit,573591.7164234323,351530.14811325073,61.28577837650412,12.387908734669145,85.0,331.0,165.0,23.48463536890071,30.230291043662973,25.378,8.854379476291616,54.833806870394355,6.1928458134437,9.73980850206791,35.0,83.0568456075721,48.4655136200551,2824.320702826165
EGY,2026Q2,ADM2,mobile,Assuit City,1168.4158700140738,1095.2577517032623,93.73869183153681,24.325367540193326,9.0,33.0,25.0,40.12302429716995,39.54682223680149,36.719,24.249467470072936,49.727,2.050642970257789,10.722487025360156,32.00708157515504,100.0,84.80467679688888,106.89023378278821
EGY,2026Q2,ADM2,mobile,Aswan (1),253071.9079017192,235153.7282333374,92.91972790779278,37.37682132355556,51.0,384.0,241.0,51.452529133524635,54.36937791143042,51.453,13.696844234097082,92.51917151366534,6.754780147338396,16.582315044734017,35.0,97.93028230847504,81.94151518634042,5949.607864230211
EGY,2026Q2,ADM2,mobile,Aswan (2),70770.40925738293,30286.733546108007,42.795758656642825,6.709226539650242,28.0,101.0,46.0,45.969607580089274,49.052284389270966,31.2745,6.0673248514427875,92.41940073586754,15.232314570051502,17.276952477542704,42.26205303920263,73.63223354411492,62.0688475903183,544.5573725841305
EGY,2026Q2,ADM2,mobile,Ataqa,63797.255447324635,50170.93963515175,78.64121941197972,1.3506074025967845,332.0,1009.0,674.0,48.51482346613819,62.41549693769095,56.391999999999996,17.874392293830308,132.13931856699523,7.392660762660204,16.04665609830865,30.0,92.90568030940378,78.07406994342088,9.184613083345832
EGY,2026Q2,ADM2,mobile,Atfeh,360400.3537506645,240243.92277908325,66.6602905016267,13.66394533062069,58.0,169.0,80.0,22.568983292209158,23.505176682525615,16.0315,4.781429212134139,42.05713141913003,8.79593308887622,5.793299585561968,29.42919267899355,70.7627863397852,46.82129315084362,2990.9104993494198
EGY,2026Q2,ADM2,mobile,Atsa,771442.0510008304,339953.13978099823,44.067229591640746,4.0934841943475195,65.0,162.0,85.0,24.493303054117,35.18865349615497,25.755,8.215239445891783,75.24763253912691,9.15951787342683,3.6477546169000594,32.10161552824808,84.81617972273348,48.60736600288496,1704.8519711779313
EGY,2026Q2,ADM2,mobile,Auseem,283593.17638501525,252186.5831413269,88.92547640107894,31.52783286784723,58.0,300.0,143.0,32.23035300782386,39.42631107569393,29.180500000000002,8.961602213650885,80.35522685052969,8.966613886089196,10.145836846038726,25.81243833845035,88.6344091963839,67.36955689769398,5510.006150752864
EGY,2026Q2,ADM2,mobile,Awlad Saqr,331362.0362601,126182.64551639557,38.079994600633576,4.8574718242005845,55.0,232.0,82.0,27.17430907234907,38.350348996319305,23.643,4.201546675061588,86.55497435025192,20.60074088049567,10.528699057023545,30.31987693579447,72.05426390911033,52.327419445973824,1064.1237815386621
EGY,2026Q2,ADM2,mobile,Ayat,547985.2988034785,353949.01834487915,64.5909697062538,13.608540429899529,78.0,168.0,101.0,22.82814132811415,28.948390847163367,22.1125,6.532632509686904,63.587226762244626,9.733782922574385,6.002582126301388,28.873511609558133,74.0828226827568,42.90428961581743,3381.258537982264
EGY,2026Q2,ADM2,mobile,Bab Al-Shariyya,35552.98828125,35552.98828125,100.0,114.40756608836115,4.0,105.0,65.0,45.34512071178921,43.001368669540135,43.129999999999995,29.744934260852027,47.611,1.6006423003819477,9.333408343493995,30.463141938118525,100.0,100.0,36302.26814515757
EGY,2026Q2,ADM2,mobile,Bab Sharqi,210812.375,210812.375,100.0,99.59882910542474,23.0,972.0,688.0,46.73410031629471,49.50518158032254,51.647,35.991250621127726,68.38697062614192,1.900099869994435,11.69592175126288,24.0,100.0,93.85056761770275,33371.53571449642
EGY,2026Q2,ADM2,mobile,Badr (1),45248.80213590711,43413.33942390978,95.94362143226593,63.94475541127676,185.0,946.0,607.0,35.324569055256404,41.68682337049799,35.253,17.416491138788135,71.28740419310908,4.093097950961284,15.76628137062956,27.0,94.99011884991224,76.66641421218262,559.320850529266
EGY,2026Q2,ADM2,mobile,Badr (2),251746.20136274083,105538.26847460982,41.922486974307844,2.448180365823607,67.0,150.0,93.0,21.716002621901712,34.90494897384123,25.623,8.01813642183726,83.9377145393783,10.468481717369555,7.55863753429807,37.0,88.02050631681729,49.79252355151664,331.88245038136364
EGY,2026Q2,ADM2,mobile,Badrashain,607726.5548677465,469955.1206626892,77.3300289247622,27.744822533857345,117.0,576.0,240.0,35.41083686389038,38.86579409030725,31.103,11.491548225151083,73.60812521746841,6.4054141161210385,12.17085768016892,29.0,91.12674009479426,67.0810915609248,5121.1113623036035
EGY,2026Q2,ADM2,mobile,Banha (1),193613.74880981445,191622.0020751953,98.97127825536005,78.34392530445822,35.0,441.0,287.0,45.05743798670675,47.58504815356176,46.79,18.566889583269905,81.73822500172425,4.402365007619598,12.175933042670652,28.0,98.66860422488688,75.33172398371282,15599.76772596488
EGY,2026Q2,ADM2,mobile,Banha (2),512198.2153778076,278845.6502838135,54.4409648280659,17.177772687654997,101.0,260.0,170.0,25.99680011360372,33.68872101221318,22.602,5.446966649360325,67.55577304797865,12.402457623990076,5.157888269637466,34.0,78.29637383701244,53.29863184405244,3134.7870452740453
EGY,2026Q2,ADM2,mobile,Bani Swayf (1),324837.24981689453,311988.47302246094,96.04454944693805,61.57808000688319,39.0,364.0,251.0,39.39273811045974,43.34393884931645,37.633,12.865922749759655,81.934901284495,6.368365711353708,11.342322560456674,29.0,93.75283420116872,77.59692615821054,17957.91436552172
EGY,2026Q2,ADM2,mobile,Bani Swayf (2),440515.1739613359,282596.04573631287,64.15126253088307,14.99044428466923,93.0,284.0,180.0,16.746221231214598,29.370845191884026,18.944,7.770119498565464,77.05004556019651,9.916198273967556,5.751334428809632,26.0,84.87569319456657,41.36686176634867,2485.904772294025
EGY,2026Q2,ADM2,mobile,Bani Swayf City,3057.436898654449,1667.5126218795776,54.539559675407695,1.3853945060812864,11.0,23.0,17.0,51.74714246485128,52.35413906068161,52.51,37.987760418418844,68.01541392966341,1.7904560095278814,6.0872911160408005,19.5783909502361,100.0,88.52048878552834,13.470979800055286
EGY,2026Q2,ADM2,mobile,Bany Abeed,147004.6101678727,83671.80430603027,56.917809727518616,5.729823034578982,23.0,39.0,31.0,51.78139097978231,57.98047076638893,36.705,7.634099350888487,141.8049570085078,18.57520455140579,9.919808939265348,26.517176889165793,78.46514517766062,57.08070604271022,1333.868934724938
EGY,2026Q2,ADM2,mobile,Basatin,1063829.9052734375,1039090.7255859375,97.67451736740365,92.20133361525549,98.0,2318.0,1451.0,40.704714741320366,42.80536954322958,42.8375,27.165480920322707,57.990399931965285,2.134709122288434,10.991888535090427,27.0,99.71005054013482,91.97323015790828,35673.89448242116
EGY,2026Q2,ADM2,mobile,Basyun,318873.55900371075,179444.44947052002,56.274483852212974,7.12776318377831,43.0,122.0,75.0,29.737572988196725,36.285447598356164,28.54,8.267569702213072,85.03454090233899,10.285312850713174,4.482190982436139,27.0,89.36217764703002,64.90987696943608,1922.174909107931
EGY,2026Q2,ADM2,mobile,Biba,510774.19915748946,257584.97861766815,50.43030345748645,8.225211945927843,52.0,144.0,73.0,26.504102193896152,28.602024816837577,24.536,8.952512800828888,49.22881492337869,5.498882382923902,8.082398620746682,25.0,88.51445802251962,53.444671119551145,2822.4203926336822
EGY,2026Q2,ADM2,mobile,Bilbis,901642.0095418394,552518.6690101624,61.279162146728204,12.060961150062463,149.0,442.0,263.0,30.744351504626998,41.324944179161335,29.155,9.339118350032853,89.36167213321782,9.568534071838105,7.01422671566101,32.0,88.83175605942057,62.698784534170315,2624.313459693263
EGY,2026Q2,ADM2,mobile,Bilqas,582029.5380341763,240221.03406369686,41.27299705012416,5.175167596196471,129.0,421.0,240.0,34.29832594833277,40.34091703357766,36.77,7.354793431958058,73.65706950883137,10.014838647782625,5.420889297345399,33.0,84.9236668603001,56.40155013825393,856.214231580325
EGY,2026Q2,ADM2,mobile,Bir Al-Abd,81959.39073237784,30464.77174806595,37.17056883395171,0.09484214865983047,18.0,64.0,28.0,13.764598566597517,17.227177504557233,12.698,5.892304105138385,31.443514552385,5.336369948211715,5.7639475670087545,30.0,79.8480402929111,27.079941460887337,15.680722746469488
EGY,2026Q2,ADM2,mobile,Birkat Al-Sab,335051.33926677704,219836.26076507568,65.61270915859137,15.894258685027363,69.0,191.0,136.0,26.49820364989989,35.17518080278496,30.128,7.338053513038268,73.74377451640288,10.049500781831966,7.568421226870187,31.364573939140413,82.46189534265889,53.17961804661584,2788.249298811894
EGY,2026Q2,ADM2,mobile,Biyalu,332937.14051806007,147293.12725639343,44.24052150721333,3.576142540841416,49.0,103.0,65.0,23.795468997788802,33.65662686422275,22.669,11.326452760483127,68.13552809873461,6.0156104951457285,10.875189781574978,26.57431536676998,92.66909022843392,36.98488628482264,888.619790594459
EGY,2026Q2,ADM2,mobile,Bulaq,70270.220703125,70270.220703125,100.0,108.0208371602482,8.0,123.0,89.0,57.26607407226586,53.80322238022396,57.348,23.83,83.926,3.5218631976500214,12.573685785929019,23.832382320413377,100.0,69.11452088396824,33875.29227529087
EGY,2026Q2,ADM2,mobile,Bulaq Al-DakrUr,640574.951171875,640574.951171875,100.0,97.2381707114766,32.0,710.0,447.0,40.733984241372724,45.25028742175952,41.1125,26.375225087265505,66.1787905337045,2.50912704307714,11.30973679112105,26.0,100.0,92.27870005288015,69448.31013042084
EGY,2026Q2,ADM2,mobile,Burg Al-Arab City,45980.72713283364,39141.19109061267,85.1252112162945,24.41980744725623,109.0,352.0,267.0,27.346649356478483,40.80769495695137,32.556,7.714893828019172,73.5289004206441,9.530772821992668,9.55675989593469,27.0,84.46020661129616,58.48576799980007,373.993209727152
EGY,2026Q2,ADM2,mobile,Burg al-Arab,129011.04206644888,83694.59296999226,64.87397638946612,9.58945940932515,149.0,420.0,266.0,48.96727408616399,64.60123420622405,63.955,11.96943862032966,136.5495229990089,11.408181062651046,8.512518903583569,23.772667295840716,93.18064026060138,68.89177857039117,301.83149912868254
EGY,2026Q2,ADM2,mobile,Burullus,188620.07558591946,92201.69263458252,48.88222653297749,3.480080894807549,32.0,106.0,65.0,17.13619243751188,34.39156044080724,30.884999999999998,7.226569389367729,87.27011657072728,12.076285699148704,10.831398552067625,41.0,81.54319106850193,46.35912225955294,755.7987241813502
EGY,2026Q2,ADM2,mobile,Daba,40774.58946785112,24663.259560349205,60.486837224431284,0.28163808295078374,219.0,697.0,378.0,33.02829458441937,39.14681559760274,46.259,12.86792353090159,85.6840467711646,6.658731423558682,12.475597413765929,30.0,95.97518855766232,59.33987531907785,1.9046247612885658
EGY,2026Q2,ADM2,mobile,Dahab,140.0483721357022,2.2978469794616103,1.6407523660718264,0.052914780175161616,2.0,8.0,6.0,79.63353664023079,79.63353664023079,110.4405,79.328,129.4135366402308,1.631372739010574,16.300755124208816,99.72011910818554,100.0,100.0,0.12882399564635214
EGY,2026Q2,ADM2,mobile,Damanhur (1),367396.4708766937,362676.4621582031,98.71528196576642,67.36292092641045,40.0,462.0,291.0,32.26932160146768,37.65326002918362,32.8225,18.29807348245219,64.11440467711098,3.5038882502355535,8.466881274782327,33.0,99.61365015357002,63.37347634041913,22539.47862324909
EGY,2026Q2,ADM2,mobile,Damanhur (2),572179.453708697,216191.12578964233,37.783797441232075,7.4213628243683925,101.0,227.0,137.0,22.13025342062982,35.955562192307646,21.509,2.8415537588229367,82.00713899514929,28.859963933647094,8.956281449179928,32.0,76.39148234046864,43.45723787931632,1531.2367891440476
EGY,2026Q2,ADM2,mobile,Dar al-Salam,438476.55964885204,121201.31829071045,27.641458961403288,4.963794864068286,30.0,77.0,47.0,18.943000303951216,32.01795196242132,25.331,5.128796828273104,72.99750086513762,14.23287045857036,5.983638221703258,37.32059155355675,82.71478319363226,48.59173375492987,2412.5093678389917
EGY,2026Q2,ADM2,mobile,Daraw,66831.79340891703,21052.206850647926,31.50028717894474,5.72101391238529,12.0,33.0,17.0,51.09452784765469,62.35866270250724,44.244,27.674984339796566,99.096,3.58070663322834,12.061908614359954,38.0,93.91723237283409,92.5801034166513,1027.9671960461474
EGY,2026Q2,ADM2,mobile,Dayrut,672666.5743673141,462686.23042678833,68.78388908531308,12.334126195641312,93.0,326.0,160.0,29.018679327895157,36.96282451945457,28.989,13.795848760852557,71.4077531441239,5.176031890604101,6.496071314390073,38.0,95.29633904971058,66.66616956345115,3034.7369771925523
EGY,2026Q2,ADM2,mobile,Dikirnis,338771.25819958904,189953.6612123847,56.07136278971825,6.179777495095041,50.0,197.0,132.0,43.932499954311275,43.16968653659706,38.483000000000004,10.839907936516635,74.009350708645,6.827488862643204,6.345277421264324,31.0,92.83628124925181,76.69309071049449,1527.041021925788
EGY,2026Q2,ADM2,mobile,Dishna,416617.82262422796,176978.97034832835,42.47993262351526,5.663393345459554,34.0,98.0,50.0,35.573944191066495,38.28420182865456,39.149,1.9115135340750455,71.5002795840391,37.40506060221911,8.531681397388013,29.54819560905148,70.18208692082976,62.73886197429127,2302.5403789219786
EGY,2026Q2,ADM2,mobile,Disuq (1),70492.03204345703,68668.5756225586,97.41324463483431,37.668737954925284,11.0,67.0,41.0,46.796566659967745,47.706155045150986,50.398,21.78587685899155,74.14079957954458,3.403158847331174,14.907085453749163,30.27157982651329,100.0,92.00996594383624,8812.43343034028
EGY,2026Q2,ADM2,mobile,Disuq (2),543510.7723737896,235053.5358543396,43.24726349539321,6.75694120103443,74.0,222.0,131.0,41.03704709172747,43.60842477780546,28.9255,13.255240171051367,82.96905781135389,6.259340211168201,7.988115427669523,29.783158778050893,92.29347018726585,79.68533358344503,1812.3898824615637
EGY,2026Q2,ADM2,mobile,Dumyat,195543.04641596787,150618.41440534592,77.02570721177358,10.100055284656435,73.0,208.0,133.0,31.896840865474896,45.68929061656154,37.668,12.343914723019278,92.90561757319422,7.526430606324688,8.533922833581867,31.0,94.02613934340457,67.54132856536192,993.9619978424334
EGY,2026Q2,ADM2,mobile,Dumyat 1,165255.44018554688,165255.44018554688,100.0,65.77161198728531,18.0,110.0,72.0,38.414033187394864,36.70974889416613,33.433,26.29548396126696,47.550437066394984,1.8083119191278776,10.950474015285621,32.0,100.0,93.83830931388424,22169.460548832252
EGY,2026Q2,ADM2,mobile,Dumyat 2,250817.73974609375,246344.58203125,98.21657043900802,84.83864151451195,15.0,74.0,48.0,16.912799195093832,27.837045917216013,35.775,9.52374336292985,56.72752192931548,5.956431181264426,8.934081028248992,28.0,94.60694999940735,40.76728843598148,52102.78758944706
EGY,2026Q2,ADM2,mobile,Dumyat Al-Gadida,94150.13708364964,59972.21970939636,63.698494306081365,32.358585673013415,100.0,573.0,355.0,55.97787377497896,60.236722161289194,52.536,19.489577185803444,92.05133325151498,4.723105707935358,10.527941719930356,29.80074091009781,93.80705742525524,84.59864995607221,1119.2695028111764
EGY,2026Q2,ADM2,mobile,DuqqI,93778.12329101562,93778.12329101562,100.0,102.17774933025353,19.0,932.0,651.0,54.61447596177727,57.42945458508774,55.88,40.52369868590957,84.35065254943986,2.0815141580047647,12.342547335239743,29.376608650773022,100.0,100.0,17997.76061469303
EGY,2026Q2,ADM2,mobile,Dyarb Nigm,558234.151519537,351012.63867759705,62.87910507125474,11.48942785572554,90.0,234.0,143.0,31.0235772955922,35.65146567650414,27.381500000000003,12.816203713853122,63.71031108001669,4.971075093879147,3.710986622795503,32.0,92.8993702040278,61.639863496725646,2580.505574226102
EGY,2026Q2,ADM2,mobile,E Mansora 2,226309.20290374756,223530.5844116211,98.77220260755006,54.22142246943322,38.0,391.0,269.0,45.88459571775554,44.99274147930762,45.599000000000004,16.5271088641038,72.48077469983404,4.385568903540008,10.540390343381564,31.0,98.52557295659682,78.72234068063247,11764.431572332647
EGY,2026Q2,ADM2,mobile,El Arish 1,121509.74849173751,101423.67308044434,83.46957700051614,23.72008341853443,43.0,124.0,92.0,26.553157452144802,39.392236580527346,26.554,9.059112855524972,78.09917848089927,8.621062539613703,9.576471702502804,36.01541932160938,92.21190418411108,63.736340402454886,2446.557336716934
EGY,2026Q2,ADM2,mobile,El Arish 2,39881.43632363592,22078.226979732513,55.35965856537556,4.988604033791972,11.0,18.0,16.0,8.751441216331427,15.04190259981211,9.11,2.7214230139889906,31.667043727327957,11.636207809131163,11.305435812661024,36.190767863013,45.69718116518689,34.39453417924715,659.959290030995
EGY,2026Q2,ADM2,mobile,El Arish 4,14636.300961880732,1070.1069641113281,7.31132112477292,0.039397148668986665,2.0,2.0,2.0,20.72,20.720000000000002,20.72,17.615,23.825,1.3525404484814079,23.0135,37.0,100.0,0.0,10.519351510007564
EGY,2026Q2,ADM2,mobile,El Mahalla El Kobra,872543.7174112655,504560.0588760376,57.82633566751336,11.088194953699938,175.0,488.0,290.0,36.224903172546796,41.30850596769961,31.197,5.6239421142175585,83.63797663112103,14.871770536129945,5.88107202980733,31.625428739342574,83.00685643999667,66.83373270755433,2012.1785234145784
EGY,2026Q2,ADM2,mobile,El Mahalla El Kobra 1,325843.3874511719,325843.3874511719,100.0,85.10726482014354,26.0,353.0,221.0,49.61970861796025,48.02604417084004,41.0225,16.01349304173966,72.31775875958795,4.516051468039452,10.117756646594856,32.0,99.6708318746276,82.49889341854784,38800.44664170984
EGY,2026Q2,ADM2,mobile,El Mahalla El Kobra 2,303610.7960205078,299584.3617858887,98.67381717402857,60.06146327850272,30.0,177.0,126.0,36.35223188128031,35.95282106799782,39.874,8.243141958844312,57.50658743615261,6.976294685117255,8.100468552255085,34.0,87.55100666295093,62.85217002163668,22109.953462211204
EGY,2026Q2,ADM2,mobile,El Mansora,631391.1898391271,351076.9486054182,55.603713554329055,11.540482782378017,122.0,551.0,389.0,39.33369593102291,42.05462571525054,39.0745,10.753983824359759,80.61449010375485,7.496244314702068,4.458710707061654,29.0,93.10427886659325,67.2586027815232,2175.3678949166438
EGY,2026Q2,ADM2,mobile,El Mansora 1,445506.2621459961,445506.2621459961,100.0,84.96081754805203,34.0,648.0,373.0,43.06117422258348,41.63258695165292,41.5655,19.791467594838757,56.963208048360656,2.8781699879202285,9.364904752783676,29.300610714620706,97.06248913556337,89.22388937471753,40547.75271400089
EGY,2026Q2,ADM2,mobile,El-Ibrahimiya,209161.5453890562,141049.51735687256,67.4356833109594,10.874205653956839,30.0,86.0,50.0,24.464114669838487,28.798666510550607,17.807,1.776783498429146,65.39567914986696,36.80565426664716,7.422899172394582,31.0,67.6284685799853,47.12995518281111,2744.0943801273024
EGY,2026Q2,ADM2,mobile,Faqus (1),92167.9966430664,91362.0166015625,99.12553156099814,53.62431900158921,11.0,63.0,48.0,27.982,35.273600883152994,27.982,5.123838197540839,67.11736852187198,13.099041369824018,10.767342050675724,40.97312845520199,79.67974759825756,63.771902535306445,16261.525298150325
EGY,2026Q2,ADM2,mobile,Faqus (2),559898.6117411999,237301.62158584595,42.38296302394354,7.620678855066081,114.0,249.0,162.0,27.20314496906149,36.76620272064072,25.412999999999997,4.583019659555707,74.10910829097833,16.17036665693961,8.895684444403635,30.0,82.73839051473968,57.65057224983082,1354.7364735284775
EGY,2026Q2,ADM2,mobile,Fariskur,249431.24663710594,81494.356590271,32.6720720394891,5.76806019085684,24.0,48.0,35.0,32.71567265894626,35.32027872407592,27.633,10.38795632582933,63.37117941511693,6.100447232103437,3.6589258391265203,30.375038458818896,90.1008585846992,61.54738896979038,2196.0926522971304
EGY,2026Q2,ADM2,mobile,Farshut,196389.4171508609,99703.75350952148,50.76839422204294,5.899803474796787,13.0,38.0,22.0,13.024576122971503,19.01534376474188,15.062,4.197929985290391,49.198087599786035,11.719606513728639,2.4446880135419016,35.930843508507145,69.8427818778757,26.857110024575505,2953.445443969542
EGY,2026Q2,ADM2,mobile,Fayid,124488.06443023885,57890.281562805176,46.50267624270597,9.589739399165488,44.0,79.0,55.0,13.849761297191726,26.27008942224116,22.994500000000002,4.227864452598534,62.7141349060544,14.83352543800428,8.607930217210175,33.0,54.370663903750696,37.21070647772648,974.3559308786658
EGY,2026Q2,ADM2,mobile,Faysal,148269.39641487872,138144.8354280528,93.1715099463304,1.5084429470055585,63.0,348.0,215.0,36.43214473112104,39.82024724504168,33.642,9.973524975020418,65.46064049809814,6.563440775658571,12.692665796030916,29.220682036585405,89.9825197574702,81.8561022663215,126.6328649269177
EGY,2026Q2,ADM2,mobile,Fayyum (1),568091.8327255249,562067.5748596191,98.93956266947136,54.90849105717275,46.0,507.0,337.0,34.38681733641959,36.497970088949856,33.0535,12.551885931451277,62.132868404478145,4.9500823018787745,11.756637798752754,32.0,96.45441709109055,65.37341328501869,23852.079639084277
EGY,2026Q2,ADM2,mobile,Fayyum (2),597027.4966038049,308306.47797584534,51.64024768199939,7.371098377844419,96.0,229.0,149.0,19.656883244597648,29.767097863630095,17.754,3.479616464038304,66.10262420871858,18.997100655168907,8.162106945146721,27.697819932277643,74.36266295036505,45.14493527225664,1612.501796467919
EGY,2026Q2,ADM2,mobile,Fayyum City,137.66563840582967,117.44415025785565,85.31115797512061,10.427060562303378,3.0,13.0,5.0,23.259530242361684,23.26354103831211,21.53,13.614143581041606,42.11077297448678,3.093163570944572,14.596348624036432,33.62947082003006,100.0,7.373874209606204,16.799565702024893
EGY,2026Q2,ADM2,mobile,Fuwwa,177612.7124118805,108306.53399658203,60.97904396922966,7.209559704851728,25.0,41.0,37.0,43.826572926577086,43.270707794033285,35.123,2.5360108657388967,103.67038571746644,40.87931448482215,9.506070612846662,38.0,81.83695294662971,64.17726966999618,1873.0713850652846
EGY,2026Q2,ADM2,mobile,Gamaliyya (1),56577.716796875,56577.716796875,100.0,123.47277399948837,9.0,112.0,83.0,53.40861094916772,48.23241241444351,49.274,14.957473130914288,64.55567468226137,4.315947895559773,14.142468242323512,24.462736728888824,100.0,83.66891970616,27706.704669414692
EGY,2026Q2,ADM2,mobile,Gamaliyya (2),109927.14939928344,50778.41051292708,46.19278384858953,7.134083780528286,17.0,36.0,23.0,27.510597300497523,31.89805289414983,27.365,10.78229734902117,51.83888525362824,4.807777375786639,6.006873752970897,28.996817647464212,89.62159245685415,50.653122087542435,1686.209997075079
EGY,2026Q2,ADM2,mobile,Gamsa,5754.9844970703125,5754.9844970703125,100.0,54.261152649905924,7.0,80.0,50.0,61.27893948600809,67.57445396173313,72.333,59.794,77.42628821172185,1.2948839049356433,15.589456983343634,73.69244589176925,100.0,100.0,1638.8921507061725
EGY,2026Q2,ADM2,mobile,Girga (1),99206.93933105469,93060.81176757812,93.80474026825193,41.13160290651245,9.0,90.0,51.0,25.73319398102343,24.75530362900688,23.831,8.427990843048914,41.654050332198636,4.942346415403775,11.44821782748915,41.58321622637219,87.13713153991779,49.917816555129036,15097.379458803365
EGY,2026Q2,ADM2,mobile,Girga (2),388219.3027129024,140100.65266418457,36.088018211653015,7.587238988618656,33.0,72.0,45.0,24.119417730267944,31.897958073913202,16.387,4.967622860492263,62.15160953240475,12.511338174783639,8.725869860543174,35.60269684860243,77.93463819367906,46.67172820176225,2971.027177849397
EGY,2026Q2,ADM2,mobile,Giza (1),304147.14392089844,304147.14392089844,100.0,78.0144525669299,32.0,444.0,297.0,35.65645857767826,35.791036771239725,33.8705,8.631500972269682,56.931214254752554,6.595749040364447,11.608187474960044,29.285063041882324,88.8264311402381,70.99989403225504,26438.719341307835
EGY,2026Q2,ADM2,mobile,Giza (2),477992.91928112507,444033.7700881958,92.8954702416927,45.38906312780707,91.0,408.0,208.0,33.16834896160213,47.684789516924916,32.203,11.512311685518036,102.79379092561786,8.929031260935002,11.545513869653133,24.0,95.45071747295003,62.62198858976803,8492.135159457066
EGY,2026Q2,ADM2,mobile,Guhayna Al-Gharbiyya,308641.96364742744,150331.59765625,48.7074394809058,10.249766076934842,42.0,109.0,53.0,23.593115277266513,27.373736596021068,12.139,2.51734479396732,47.41841939104328,18.836680420051692,5.874473281973598,36.098212110256384,67.99383259208818,48.98398106923892,2523.795625247278
EGY,2026Q2,ADM2,mobile,Hadaiq Al-Qubba,351761.609375,351761.609375,100.0,106.36003202506186,15.0,477.0,295.0,46.09984613644676,44.808965476134674,47.059,34.41239273946068,57.640887921498226,1.6750037801178945,11.148618491810026,25.595576768231464,100.0,100.0,89095.9486189469
EGY,2026Q2,ADM2,mobile,Hihya,351303.3051713705,187210.1860408783,53.29018636746234,11.694070736623358,54.0,103.0,80.0,33.457918225893266,38.11934184573811,33.3395,7.529142055229687,69.89504516350473,9.283268219777597,6.786392793414045,29.417903168759164,86.94703803808997,60.74823809314359,2749.0847303142436
EGY,2026Q2,ADM2,mobile,Hilwan,847544.3792440891,791154.8805122375,93.34672022931183,54.36297821369875,126.0,1308.0,754.0,34.18979545786142,37.23314982792484,32.8875,12.87762028296516,65.22096766453417,5.064675478186767,11.481055912957023,30.0,92.24385023614596,79.40807947634131,13002.409269267273
EGY,2026Q2,ADM2,mobile,Hurghada 1,179200.3347781652,174561.59133884433,97.41142032738765,0.9857951015855982,206.0,2190.0,1217.0,45.432252086757856,48.44341945657299,43.665499999999994,18.15610154581024,89.60610857326408,4.935316557201228,17.42698635478177,42.333700204942474,96.22385049012391,87.05153826147487,29.010969121494785
EGY,2026Q2,ADM2,mobile,Hurghada 2,12702.08734494121,10462.403508136049,82.36759222335888,0.33161317414803027,77.0,217.0,158.0,118.09567594242662,123.38795774864853,81.136,54.63132674326831,180.92795853793626,3.311798730208035,30.282537190799488,35.0,98.10649421346122,95.77133366851244,1.8623757800945757
EGY,2026Q2,ADM2,mobile,Hush Isa,294491.056637764,63386.52791976929,21.52409266463304,3.903899884904459,39.0,87.0,59.0,22.043865420026997,26.41334411684277,22.455,7.202562736449526,58.010276970301575,8.054116165727077,6.57810780052885,31.0,89.09162706865213,41.18746440269145,1070.3827877317583
EGY,2026Q2,ADM2,mobile,Hwamdeia,225320.10813713074,203352.6736717224,90.25056634002729,44.42727200084415,32.0,152.0,87.0,34.69739486207731,39.99876210779664,32.0995,19.384571597239137,73.25950263775545,3.7792685935958206,11.890138520626651,29.0,98.21521233303791,72.59577261489947,11132.912078092695
EGY,2026Q2,ADM2,mobile,Idku,239026.6107515692,149110.54300308228,62.38240275182556,7.532819696607888,43.0,178.0,80.0,20.933660932445903,25.074941559140676,19.259,8.5629783845288,55.15323850185084,6.4408942806044225,4.79569289736065,34.40852934629608,89.40119070246438,34.8655310284209,1533.898976470036
EGY,2026Q2,ADM2,mobile,Imbaba (1),646350.1796875,646350.1796875,100.0,94.37747683506656,29.0,567.0,349.0,40.85554539185216,44.174105698521494,40.718,32.058024912534655,55.92997403736428,1.7446481556477835,12.337837955788581,26.0,100.0,94.41312576166018,75128.06593027602
EGY,2026Q2,ADM2,mobile,Imbaba (2),586778.1726168949,416914.80687713623,71.05151935318122,16.235226089716164,117.0,290.0,191.0,25.703516435294656,38.440833997978174,22.488,4.703970040050154,84.07332393926515,17.872844262071183,9.253565504976756,29.83676647939895,83.97118268089442,52.30941641918266,2915.4027742454828
EGY,2026Q2,ADM2,mobile,Ismailiyya,286699.74136363575,150736.3034124376,52.57636532753308,3.101105534004041,96.0,193.0,134.0,23.042690387370385,31.7897030654778,25.4195,2.4519940305456815,73.05877812243746,29.795659048231254,7.358536501826526,29.0,80.22571366205217,40.45391855999774,333.8795575505287
EGY,2026Q2,ADM2,mobile,Ismailiyya 1,60926.796253204346,58791.27410888672,96.49493773570063,54.1824345682826,31.0,194.0,130.0,39.42989067561389,44.03224395620169,38.343,14.281128004362847,73.69487801187624,5.160298121364268,10.782785805533583,29.0,97.10630623902496,75.50674628491895,3843.4613905225406
EGY,2026Q2,ADM2,mobile,Ismailiyya 2,252560.8015155437,249439.17896270752,98.76401146412894,38.68405088635358,28.0,287.0,175.0,28.77162540275301,31.296280509562326,33.345,10.986606398238191,57.14998656738993,5.2017870210181085,10.52743133854341,31.0,90.71778334159653,52.45603962166911,12597.41164274728
EGY,2026Q2,ADM2,mobile,Ismailiyya 3,129126.9365234375,129126.9365234375,100.0,99.98234811263123,37.0,462.0,317.0,47.98065304193117,51.3694374915522,50.859,29.632139083131324,82.80397077086829,2.794397344672497,12.266503870983541,34.0,100.0,91.92991630778118,12598.559288360213
EGY,2026Q2,ADM2,mobile,Isna,396970.2030336768,173904.13176795092,43.80785520902128,5.968086076012878,46.0,133.0,63.0,36.388798714673925,41.03448073606762,33.3395,4.320372423008241,82.89944664007646,19.18803254057303,9.517366630648247,38.0,85.59421460507018,69.47923771774526,1686.1841409305937
EGY,2026Q2,ADM2,mobile,Itay Al-Barud,539505.2321454287,198610.55905151367,36.813463006041125,6.469559288614321,71.0,222.0,116.0,23.015300833928617,25.411512759460784,18.842,3.7670005586565827,51.95319541458807,13.791661191873045,5.8390335393461195,35.49645785075857,80.37799076824894,43.85045695650797,1785.2189210823676
EGY,2026Q2,ADM2,mobile,Kafr Al-Dawwar (1),248845.15269470215,220479.73724365234,88.60117822513901,36.10121221429692,38.0,213.0,123.0,27.430465283863132,29.927083068505194,25.759999999999998,5.702705874302096,55.44129334156602,9.72192754870967,10.06431050011644,29.773028617108587,86.70047749755324,52.870034084713666,8628.543015583637
EGY,2026Q2,ADM2,mobile,Kafr Al-Dawwar (2),876215.0409349063,453160.79472351074,51.717988570476486,10.454605772834718,201.0,536.0,310.0,26.593280876875223,32.668530105712755,22.227,4.207521292633332,58.953440882742754,14.011442077776387,5.853569333528077,27.458071070326543,79.27261028472653,54.6434576855811,1663.9846032489897
EGY,2026Q2,ADM2,mobile,Kafr Al-Shaykh (1),158477.34136509895,134722.6740334034,85.01068535913299,34.60236868047927,30.0,380.0,198.0,35.858044527174144,35.61424267864833,35.1815,16.970664922828508,55.72959941576101,3.2838783671224907,8.798576703334742,32.0,99.90351825405892,72.97435870598213,6669.235182132881
EGY,2026Q2,ADM2,mobile,Kafr Al-Shaykh (2),559244.9749863299,225678.26314926147,40.354097621490105,5.775157358975585,83.0,305.0,186.0,33.915266876820596,44.92497934788197,31.157,10.341441739150172,88.55999463392428,8.56360233589653,10.517756256097403,32.0,90.08153766266757,69.27808267714354,1420.598787497868
EGY,2026Q2,ADM2,mobile,Kafr Al-Zayyat,459382.2862163801,306120.9705505371,66.63752167543238,12.822388567832537,91.0,333.0,165.0,27.882568925496162,35.73211048298202,27.887,7.842936381019479,69.43508231066477,8.853199737626728,6.326421423937643,28.0,87.20753880084618,53.08866044970596,2346.302642203798
EGY,2026Q2,ADM2,mobile,Kafr Sad,391458.2147977846,202882.573554039,51.82738945939402,7.4108695288369875,72.0,150.0,110.0,31.561689981945708,41.85555347739426,32.2485,5.034588517145741,83.61366217263082,16.60784429310897,7.693958802765581,31.450505415867923,83.79964433683843,59.698333047252994,1478.2758363051246
EGY,2026Q2,ADM2,mobile,Kafr Saqr,338038.45838167344,107653.40759277344,31.846497025265634,5.92014494052726,40.0,138.0,71.0,23.73427706095652,29.731567592680953,32.2255,4.256894282336475,66.13881885593044,15.5368713595652,6.518635317652155,27.173612087115718,79.33405634128027,44.17493824659501,1814.1476566487038
EGY,2026Q2,ADM2,mobile,Kafr Shukr,169273.4553000927,93512.07405471802,55.243200352315846,18.36011535574582,40.0,131.0,63.0,16.156472543566316,22.83230022540782,20.395000000000003,2.946603757275018,46.19192281672227,15.676326585370264,2.4953902652848146,33.21966260146777,71.42042771337235,36.010591156258684,2802.129256735322
EGY,2026Q2,ADM2,mobile,Kardasa,929649.4132070541,872047.1253080368,93.80386981579389,42.26204857702625,115.0,987.0,608.0,37.579089755013065,37.02116580541211,31.534,18.22500671250322,56.485493688316645,3.0993400759388976,10.42269488048634,27.0,94.97953840557855,82.72642721882883,12193.416059404886
EGY,2026Q2,ADM2,mobile,Karmuz,128612.40234375,128612.40234375,100.0,120.43583697667992,14.0,211.0,137.0,27.775434442199504,30.100614565898987,28.2055,16.634361958271803,48.06259642658934,2.8893561741145803,12.139661609301617,29.593716788210834,100.0,79.94074843745975,40423.15907892044
EGY,2026Q2,ADM2,mobile,Kawther,11760.20556640625,11218.6044921875,95.39462919112684,21.50863991100189,1.0,1.0,1.0,11.267,11.267,11.267,11.267,11.267,1.0,7.166,57.0,100.0,0.0,8454.46662724551
EGY,2026Q2,ADM2,mobile,Kesm Al-minya,301932.50684452057,293215.98626708984,97.11308972043899,58.74673776777671,44.0,503.0,351.0,35.78855149257075,40.052766447219994,38.8435,22.04416734054748,74.79411969257137,3.3929210632962747,9.572103001072865,32.0,93.99173575362894,74.57762170964669,13853.166695911781
EGY,2026Q2,ADM2,mobile,Kesm Awal Assuit,211881.78562927246,200321.16213989258,94.54383327238548,49.45437540340761,23.0,217.0,154.0,44.95029002946327,45.468190302593335,54.865,31.086963627781387,61.061050583122054,1.96420117816054,12.060086488138968,32.953980673776094,98.02040801622498,96.04081603244995,15396.431287424031
EGY,2026Q2,ADM2,mobile,Kesm Mallawi,178777.06372426078,159910.65185710043,89.44696177790502,26.093451766622184,16.0,74.0,63.0,32.1962011840612,39.141258176538216,33.701499999999996,10.840260860418098,84.23919081370957,7.7709560589357025,6.989281832800939,32.737433726888234,96.33918982297746,65.22728001874437,9952.145799210706
EGY,2026Q2,ADM2,mobile,Kesm Tahta,198145.1941833496,150637.54467773438,76.02381945148011,36.3619449980184,16.0,85.0,62.0,35.98896401294222,41.95269448409868,36.5165,14.35146078141308,80.70809351573449,5.6236849157725795,9.519403907049654,33.83362850744305,95.75765697196437,67.82947947398749,15107.32450569775
EGY,2026Q2,ADM2,mobile,Kesm Than Assuit,271760.0198364258,264449.85064697266,97.31006452168602,76.55408843884878,33.0,1182.0,703.0,46.341701581958944,45.387475435558656,40.119,27.214997118130114,64.16511616519502,2.3577116648838237,11.818328205704065,36.0,100.0,91.63007385966876,21309.97375750654
EGY,2026Q2,ADM2,mobile,Kesm than Al Raml,547487.2250478268,530209.3775253296,96.84415512690953,67.45864060266092,65.0,872.0,517.0,38.42958732585698,37.89418248978644,37.508,19.644158299345968,53.15367577385532,2.705826076326468,9.763511704566007,26.0,92.45456551153865,79.23191529800387,20772.07510099713
EGY,2026Q2,ADM2,mobile,Khsos,386687.08203125,386687.08203125,100.0,93.18721804044931,19.0,374.0,206.0,34.70212287982675,38.940603706810165,34.87,23.38858903987933,58.52547132084192,2.502308763519318,9.273397730090274,25.185927574873926,100.0,81.57187955431385,67839.60162274342
EGY,2026Q2,ADM2,mobile,Kum Hamada,571610.5850982666,241548.11470365524,42.25746006122862,6.720780373817164,79.0,187.0,115.0,26.72319379594082,31.08921104236531,23.105,5.304350696495423,59.46447297015203,11.21050932952833,6.5526805896489035,33.0,82.12481187189695,52.16618607929493,1759.9176344384953
EGY,2026Q2,ADM2,mobile,Kum Umbu,393911.6788287503,142501.15977171063,36.17591643777127,5.52851932282518,45.0,142.0,69.0,27.755156806440308,36.380544961897535,27.038,7.5158914907267995,77.84792240927507,10.357776253864868,14.303514217934607,36.0,87.06108543897616,55.84460901717199,1562.7871272487275
EGY,2026Q2,ADM2,mobile,Luxor (1),245538.31115015293,193258.93719482422,78.70826197735043,20.553078437266187,35.0,225.0,147.0,41.37212247369192,45.28595184023829,41.409,4.003677241490622,95.1272859243669,23.7599786862314,11.60696994635644,31.0,71.70009447830988,65.99689542098446,4749.578278841448
EGY,2026Q2,ADM2,mobile,Luxor (2),265846.9890674392,156770.3477783203,58.970142309398625,11.496587152726221,45.0,412.0,234.0,30.890031177570908,39.47697965403524,37.147,2.7825344532883785,83.48604234260992,30.003596988330813,10.64823529266049,35.0,69.66266826467475,57.7261699155304,2235.768059178936
EGY,2026Q2,ADM2,mobile,MIt Salsil,72895.57559493062,26129.45721435547,35.84505232464697,2.8038950264120257,11.0,20.0,16.0,35.63074005842805,37.97249496164237,32.663,7.883384651377061,73.33802888450566,9.302860652840916,13.130233046797045,27.0,86.75699034341268,86.75699034341268,679.2803270831364
EGY,2026Q2,ADM2,mobile,Maadi,114029.26311594248,112713.91329956055,98.84648047313564,59.1177092020266,53.0,1123.0,707.0,61.76358208104251,57.020435327413395,53.421,36.61366981596342,75.24687973730482,2.0551580902851065,13.846630223118625,25.635030059780846,99.63439547690743,94.40253966095365,4532.09192403469
EGY,2026Q2,ADM2,mobile,Madinat Nasr-2,102330.05310058594,102330.05310058594,100.0,84.17189616186205,52.0,741.0,489.0,49.389626332063514,54.96657141407785,45.47,24.449736382183737,100.50192830647926,4.110552634821615,14.103235127237951,22.218302209051473,100.0,89.8335960393997,5912.731557744028
EGY,2026Q2,ADM2,mobile,Mahalet Demna,85505.68179581375,52291.27478027344,61.15532170732723,7.101380693107645,9.0,26.0,10.0,42.73132633046449,55.568681955567975,40.512,2.929,123.061,42.01468077842267,7.250686334963741,29.66865531448928,66.11695912313584,54.952382821181175,2460.5065846889056
EGY,2026Q2,ADM2,mobile,Manfalut,486343.9585613562,312871.7999444008,64.33138408255348,10.787314502328508,72.0,271.0,149.0,34.88351879248885,38.78936373575977,27.7875,8.558312054108411,77.70080078690638,9.078986638446558,8.03098784395511,34.0,86.985769595996,65.9107711811216,2468.270901554953
EGY,2026Q2,ADM2,mobile,Manzala,410981.8969460732,237466.54306030273,57.780292714805825,5.754376743150462,48.0,144.0,85.0,23.29230883787674,39.61024584125263,22.657,4.844433957753986,101.05436308556114,20.85989074612398,4.346387662472762,32.598829231775355,76.05265834755042,47.829722456650174,1799.348434803998
EGY,2026Q2,ADM2,mobile,Marg,874996.5390625,874996.5390625,100.0,94.64421199557306,56.0,798.0,464.0,37.28918365097423,37.49375842100358,36.3245,20.502217133312914,51.292704349752036,2.5018125608673496,9.430578158575175,26.0,99.81599759772021,83.95139459507232,52897.79562623837
EGY,2026Q2,ADM2,mobile,Markz Abu Qurqas,688379.7505463011,296022.6284637451,43.0028088753076,6.476737823864224,62.0,155.0,96.0,24.50818003401704,26.278619789622773,22.207,4.360251415211421,52.98467493965369,12.151747661799579,3.834827156520714,29.0,73.32235539456015,44.463716282849525,2463.6171409512085
EGY,2026Q2,ADM2,mobile,Markz Al Idwa,330359.9876326252,151065.02082800865,45.727396320161986,6.461866516979796,40.0,102.0,57.0,32.857646197290684,37.39147306068197,29.415,5.650746147390418,73.2725577743801,12.966881870674415,8.079495914502937,36.30342541231181,73.77293083629763,63.85192039474996,1854.9954573509171
EGY,2026Q2,ADM2,mobile,Markz Al Minya,711041.9948677763,374474.75251215696,52.66563089312234,7.349555780127455,90.0,216.0,139.0,25.36661172726349,26.779981460261645,26.735500000000002,0.7715435912704027,57.442140142728334,74.45093289952116,2.8321490863111545,35.0,81.63057631831833,50.469917460854674,1995.94397443301
EGY,2026Q2,ADM2,mobile,Markz Bani Mazar,714162.9329798378,409857.36641693115,57.389896267341314,7.627044649563488,74.0,238.0,145.0,23.689365965815835,29.203520400518716,25.630499999999998,3.7293738136712906,56.74163765911501,15.21478953145142,5.005209822524087,35.0,79.86359633880711,44.6711192529172,2549.535008318304
EGY,2026Q2,ADM2,mobile,Markz Dir Mawas,513372.1594469657,280558.5621794611,54.65013188126428,9.289133180414147,62.0,117.0,86.0,24.897329559531723,34.92589378895534,25.497999999999998,1.8255698223578665,92.79231776543465,50.82923514017453,6.096484353133963,31.0,76.97791575826174,50.0506107921464,2621.2453297229736
EGY,2026Q2,ADM2,mobile,Markz Maghagha,654781.2513948081,358843.66219711304,54.80359454897465,9.088845331480673,71.0,266.0,140.0,31.357387545083977,33.08778088556184,28.727,7.757164076569924,56.3548775213923,7.264881465071626,7.309255254422875,37.0,83.9099071775069,64.30546328549893,2910.281797882405
EGY,2026Q2,ADM2,mobile,Markz Mallawi,794122.3961498722,371324.69417870045,46.75912629828683,6.163176922790777,62.0,139.0,93.0,23.686714129602947,26.504151302077716,22.0875,2.909365077882918,69.22207281660921,23.792845161591277,6.521456116723858,37.0,75.65927076533112,44.66188003293277,2696.433254031964
EGY,2026Q2,ADM2,mobile,Markz Matay,355866.51518517954,179248.69229125977,50.369642729096185,5.304706851587,31.0,59.0,45.0,28.295256091882955,35.048561459920485,23.424,5.56940132334907,59.050781707242244,10.602716212904012,4.610276506849528,36.0,79.8739650438661,61.41128242585299,2105.3444351333183
EGY,2026Q2,ADM2,mobile,Markz Samalut,848230.2205254134,438957.6804885864,51.74982803803971,5.631495704375351,91.0,286.0,168.0,26.947468734520527,28.23982850962403,24.737,5.038705674845108,58.467070185512526,11.603589087848404,5.148243475309526,36.53390488513868,83.31206560515798,55.28249070645285,1810.5542525838944
EGY,2026Q2,ADM2,mobile,Marsa Alam,6545.914908192584,3938.2257302701482,60.16310608225651,0.09932404079842974,79.0,280.0,154.0,29.517902586222988,31.210843121985523,31.877,7.087746409731784,65.4935219616998,9.24038730727927,10.946632394873793,97.74103891128763,85.43582663450614,53.360746066177256,0.26837658421334526
EGY,2026Q2,ADM2,mobile,Marsa Matruh,274959.9649857811,191491.99248717632,69.64359065767223,0.1562738960586331,274.0,1033.0,577.0,41.494008747220356,56.84285521742386,41.935,8.282203819318365,119.37581867942858,14.413533074491923,18.22261248848911,26.0,83.89108190597081,77.75343103854702,5.7283251886728825
EGY,2026Q2,ADM2,mobile,Mashtul Al-Suq,238472.85316607356,164149.20935058594,68.8334991472894,13.885163464162673,36.0,155.0,76.0,29.403305079400575,49.97291695807857,29.0855,13.091464816453271,140.95044833799898,10.766591081607105,10.722351001894156,35.018223722746775,92.67535955571475,63.8156414977196,3304.722508825333
EGY,2026Q2,ADM2,mobile,Matariyya,211388.43989944475,165590.69604492188,78.33479263279091,10.535614316854936,14.0,31.0,25.0,27.623432674408974,48.65890972110073,24.460500000000003,7.577346157367427,130.0552994987754,17.16370042990884,8.625337544877228,29.671631598064952,91.13123777393616,67.20480387257194,5812.631691723928
EGY,2026Q2,ADM2,mobile,Mina Al-Basal,233523.30786132812,231165.564453125,98.99036056409273,81.15017854469572,28.0,202.0,136.0,40.53661392759448,43.71602609007667,33.751000000000005,14.122251005235329,77.06863608087119,5.45724871001802,11.222444828714782,27.344122096736978,100.0,82.54832437424717,24720.818505269286
EGY,2026Q2,ADM2,mobile,Minshat Nasir,260191.08984375,234338.138671875,90.0638599164175,90.80018363713197,18.0,137.0,86.0,34.2257794616582,33.99963429741899,34.4465,16.153821267304526,49.133841474694265,3.041623443868454,11.30250457573761,23.227231042705156,100.0,54.963131719485546,46841.34719522334
EGY,2026Q2,ADM2,mobile,Minuf,473862.3820743561,268306.78536987305,56.621246066283376,12.343944236213638,83.0,259.0,118.0,26.915804677656922,37.752998136352076,27.201,8.517938338124123,81.23166855733584,9.536541042304048,4.601935254649507,34.0,85.39118521855804,54.17115117653102,2536.7372779514603
EGY,2026Q2,ADM2,mobile,Minuf City,132462.20501708984,119496.82827758789,90.21201803349929,33.86208195381119,22.0,92.0,67.0,40.077944012734505,42.723428754973455,40.105999999999995,14.140752468613798,78.47400869372831,5.549493131140356,11.72010808448832,29.48464422211252,96.47373956722008,76.12316389740252,7339.32315231915
EGY,2026Q2,ADM2,mobile,Minya Al-Nasr,345896.5856578038,224850.99193191528,65.00526494192135,5.588632457056236,38.0,100.0,67.0,33.65958595821103,38.09917494067187,32.497,8.417187239529454,79.13640829283082,9.40176403836952,6.271516174434014,33.89602114016716,89.12630572236392,71.48242420438756,1857.0439567728954
EGY,2026Q2,ADM2,mobile,Minya al-Qamh,876445.0744687617,552793.3269295692,63.072215593730505,12.957730565165337,134.0,533.0,290.0,23.04029086364204,31.284586159110496,22.036,4.661314757317417,69.15091811981856,14.835067297539645,5.131641250900758,33.88171057777001,82.5110209299951,45.98771852559958,3053.475765105146
EGY,2026Q2,ADM2,mobile,Misr Al-Qadima,277757.7822265625,277757.7822265625,100.0,92.24777891674185,32.0,387.0,278.0,41.25758113518558,42.80389297273359,42.8215,21.637706932642313,68.26293209376627,3.1548135995310047,11.406705123393298,26.0,100.0,82.40802880610732,28555.40543555988
EGY,2026Q2,ADM2,mobile,Misr al-Gadida,170928.37255859375,170928.37255859375,100.0,103.95332554929583,34.0,1350.0,910.0,56.28516743770479,58.156064620591906,56.7535,43.23989935620628,73.31877846016845,1.6956278703651724,14.059162374743735,27.0,100.0,100.0,18668.66653746096
EGY,2026Q2,ADM2,mobile,Mit Ghamr (1),153240.6862564087,147666.4712524414,96.36244450469226,43.146426329585104,27.0,133.0,101.0,32.843099564250814,34.21968245654853,28.546,0.6037993621865503,63.235862509540866,104.72992598161021,9.346338481057364,35.0,82.70712695248007,75.05585989870076,8860.785329478525
EGY,2026Q2,ADM2,mobile,Mit Ghamr (2),697234.5515177548,443945.5348777771,63.672337223017294,12.667833526112686,108.0,325.0,164.0,18.5290166591366,26.246368448052102,21.1615,4.505925432103801,50.43316572800942,11.192632121402495,4.515079347383385,36.0,75.11907292881915,37.76416017667374,2958.7088639026624
EGY,2026Q2,ADM2,mobile,Mitubas,262276.0963672066,76614.28549613059,29.21131073602099,4.464662659406281,44.0,102.0,66.0,16.262621371578923,38.427714346460824,14.2805,2.6836413821507774,116.47693539695597,43.40257091415348,7.027282798359033,33.21301025527639,79.3159985311751,46.977094757827814,976.4242211554806
EGY,2026Q2,ADM2,mobile,Mubark-Sharq Tafrea,8591.33929407403,1384.8195570707321,16.11878555449354,0.6290793424784265,12.0,43.0,21.0,65.17165566002222,56.22926366103947,37.67100000000001,16.5079590468075,95.39894598718173,5.778966722456892,22.31585151487173,33.0,93.8613367614599,72.20636485262078,16.44978348270842
EGY,2026Q2,ADM2,mobile,Muharam Bik,310293.2879009247,309291.3729248047,99.67710710634518,59.26251132248394,25.0,619.0,425.0,41.026799763985025,43.44608142454185,39.015,31.063206971213077,59.976904042625335,1.9308020610430592,9.904790359268134,28.436630831086326,99.6546536379288,98.79428510476738,26879.012597168203
EGY,2026Q2,ADM2,mobile,Muntazah,1684715.9078102112,1644094.5787010193,97.58883210392479,57.09327642303109,163.0,3337.0,2166.0,35.88603303756728,37.11288719677293,34.633,13.79927458878208,61.80203872517797,4.478644027811364,9.145939672056851,25.0,93.41951314328631,70.81414501011774,21596.720789829145
EGY,2026Q2,ADM2,mobile,Muski,26043.658203125,26043.658203125,100.0,69.13877270172871,2.0,40.0,29.0,43.350376959353255,43.350376959353255,43.400499999999994,37.943,48.858,1.2876683446221964,15.649535867758736,31.440302379440432,100.0,100.0,32135.38948193985
EGY,2026Q2,ADM2,mobile,Nag Hammadi,578887.4972062405,242832.85629153252,41.948195022947324,10.140348390940629,62.0,199.0,125.0,22.425896918706446,28.93292767335883,18.2545,3.723325407265403,66.51407898682758,17.86415951102132,8.456842970173147,33.0,79.32267256615577,44.546585967762454,3137.0782636550375
EGY,2026Q2,ADM2,mobile,Nakhl,6052.071988237542,553.7526215910912,9.149802293616679,0.03804165736751454,9.0,11.0,9.0,48.82015265479808,53.40479379059205,12.494,34.62362701525891,104.46839175203472,3.017257311199507,34.56782614574744,43.91859988204178,97.471829665866,96.32510812048659,0.9080519222527158
EGY,2026Q2,ADM2,mobile,Naqada,201479.02221490003,108121.44662478016,53.66387301078744,8.31492155231743,26.0,46.0,33.0,16.740669951624433,26.69712341314977,27.7185,3.508672191627722,52.79966937558379,15.048333526732028,5.1608994221996065,31.242962205819435,76.11309431958423,47.228712024407486,2129.159682965054
EGY,2026Q2,ADM2,mobile,Nasir,409320.81126926217,241006.46139621735,58.8796012225425,8.086413567918708,58.0,133.0,72.0,22.239161627562208,26.700261153990265,21.3055,4.607513941059374,55.97759488378472,12.149197072405205,7.219144497395278,31.0,81.50298279358074,41.30853009778897,2002.3574480754323
EGY,2026Q2,ADM2,mobile,Nasr,82405.46980887483,23206.99041748047,28.161953898576215,2.1277790821687703,13.0,22.0,16.0,28.39473617643803,28.232781998592426,37.22,1.601,54.0464639825786,33.75794127581424,8.384090342706184,32.583428249654794,76.75460912822506,62.415821557474025,435.92811526409844
EGY,2026Q2,ADM2,mobile,Nasr City,679498.269794013,676995.8067595959,99.63171899831684,79.82667337747748,210.0,4443.0,2916.0,49.651939847876776,48.867708421129194,48.492,25.505424809514,68.42146437814715,2.682623986432277,11.326308051445926,27.0,99.33889986500607,89.97244990882244,9219.041756252747
EGY,2026Q2,ADM2,mobile,Nebro,319119.62504348013,203467.2170715332,63.7589170656022,6.246296789372132,37.0,89.0,58.0,19.768417241946743,27.798656125651586,23.233,5.809020776480362,46.88379932014628,8.070861014987244,3.978563301180094,33.00397837166047,77.04576607185068,38.97174720357971,1965.5491648770026
EGY,2026Q2,ADM2,mobile,New Cairo-1,163465.07614235353,162778.21934895677,99.57981434958094,57.24735051019056,349.0,3629.0,2461.0,71.85891135830207,73.6483068823015,67.2,38.71768552856763,109.62719573631959,2.831450130339836,14.897366786274649,24.0,99.89488862771407,98.75546519067782,956.5288217300043
EGY,2026Q2,ADM2,mobile,New Cairo-2,85032.10143727672,82987.95642292965,97.59603140485136,47.20429887937242,306.0,2046.0,1394.0,72.06083935730115,70.58913856920748,60.6525,29.121973745307912,113.26841966893409,3.889448588187939,16.07696549578409,24.0,98.29933043217234,92.80279416205636,468.4265930625545
EGY,2026Q2,ADM2,mobile,New Cairo-3,66277.84085655489,63597.933674324304,95.95655629755545,41.52110745196347,177.0,1130.0,767.0,56.67498197721945,61.41207327469353,57.223,21.016107356584946,98.71521866148986,4.697121925890789,13.591835822904136,23.0,96.70903508484005,85.2655348389992,554.1790963106704
EGY,2026Q2,ADM2,mobile,New Minya,3654.67876366619,3332.1951122283936,91.17614235637232,24.16052902330318,13.0,53.0,35.0,58.62460901983817,60.580305477162966,51.451,23.49369350864031,91.3769156262496,3.8894231591402937,14.060145263771862,33.063914030345686,100.0,84.81980011101338,233.41916602988073
EGY,2026Q2,ADM2,mobile,North Coast (1),4560.3680992126465,4457.847995758057,97.75193358903879,46.17843572506772,16.0,66.0,40.0,108.97608805939838,108.28578607112887,93.66499999999999,74.6456772670499,119.86805802258212,1.6058271880064283,20.499071651452855,30.0,100.0,98.84372420552154,478.5368388965945
EGY,2026Q2,ADM2,mobile,North Coast (2),983.2587296962738,983.2587296962738,100.0,13.251730785770935,5.0,8.0,8.0,57.11882688985659,57.78612621734061,95.589,46.90379809738973,88.41408442197104,1.8850090612788013,13.715907715212643,34.80235103248497,100.0,100.0,94.5632877641584
EGY,2026Q2,ADM2,mobile,Nubariyya West,39097.35540385328,13428.490460634232,34.34628844310726,0.3257769048352756,21.0,30.0,25.0,32.7692218981188,39.08427220326516,37.912,9.92080143213957,89.24699991769452,8.995946600500305,14.53287690678523,32.893077381269144,97.58362236762812,72.17295321032692,21.88666010163911
EGY,2026Q2,ADM2,mobile,Nuweiba,6461.1664494455135,1114.2213543653488,17.244894758298162,0.10738728680654785,21.0,32.0,26.0,29.597153020697583,32.82032712979508,23.296,1.6248154584969625,57.38444235662722,35.31751378689538,10.217890012653132,40.7599037906037,85.31747877876474,41.61891939945751,1.158745819691114
EGY,2026Q2,ADM2,mobile,Nuzha,237757.04731724507,230170.6638370607,96.80918670307102,61.76276544900099,132.0,2586.0,1845.0,57.76454047983409,60.37119537050313,57.049499999999995,36.29142377032198,89.46818699259761,2.4652707912154708,14.197814930301693,25.0,99.41017677176109,98.75464649445846,3975.845463762131
EGY,2026Q2,ADM2,mobile,Paris Paris,,0.0,,0.006775235942544927,8.0,11.0,10.0,,,37.9975,,,,,,,,
EGY,2026Q2,ADM2,mobile,Police Department Port Said Port,20666.73486328125,20666.73486328125,100.0,52.45445520214733,5.0,25.0,20.0,51.24285345198209,51.24285345198211,67.173,18.677,67.173,3.5965626171226646,17.225216922754758,32.77335813146664,100.0,67.15162787030292,7933.4444887631535
EGY,2026Q2,ADM2,mobile,Police Department Port of Damietta,9179.040362298489,5986.926361083984,65.2238809807872,34.681370086264245,14.0,34.0,24.0,37.916386594321814,47.21248732213403,23.488,18.1412030108658,93.18525250512864,5.136663343071277,14.139327968918806,30.48233850421074,97.42961666012891,68.6914047954951,835.7437736209134
EGY,2026Q2,ADM2,mobile,Port Alexandria Police Department,18652.042602539062,18652.042602539062,100.0,117.34730572241223,10.0,119.0,71.0,31.638203258583026,32.92886877673534,30.4225,25.640887854814103,44.06679784726222,1.7186143512962886,7.647174256829521,27.35037209922514,100.0,89.24749641918686,7998.08012014407
EGY,2026Q2,ADM2,mobile,Port Fuad,70657.80379664898,69275.8595046997,98.04417315895287,40.020687948525776,16.0,146.0,98.0,39.19547338927799,49.305048617880864,38.2945,25.70510568705634,87.26578136471721,3.3948812514962508,9.48059022201023,33.83940114088655,98.01487887140573,89.99123334588803,6465.439289137882
EGY,2026Q2,ADM2,mobile,Port Fuad 2,3028.005455424476,2690.8945751190186,88.86689983660547,11.857261573022276,9.0,26.0,23.0,72.47258366395835,69.10320783865802,34.227,23.216930711952756,103.645,4.464199048784709,11.56407630143639,33.844512902624345,99.54895448302736,94.62415720071793,145.8558813313335
EGY,2026Q2,ADM2,mobile,Port Suez Police Department,,0.0,,5.0537987350811715,1.0,6.0,5.0,54.97,54.97,54.97,54.97,54.97,1.0,41.723,26.0,100.0,100.0,
EGY,2026Q2,ADM2,mobile,Qaha,48024.77357041836,38638.187103271484,80.45469917024514,19.42241796884898,13.0,48.0,34.0,27.991822000782854,32.675870299535404,26.476,11.688759294455012,52.42805677452137,4.485339757094025,6.851031137806067,26.78490481047166,92.59691381430207,81.45814014948355,2573.220387653261
EGY,2026Q2,ADM2,mobile,Qalyub (1),187228.92765283585,163906.32760620117,87.54327104309438,45.091117269419264,40.0,289.0,150.0,43.4751714818449,42.16858823189101,42.2675,14.579713423279422,67.66919013973472,4.641325119030622,12.359187077678426,24.0,99.1580714349876,73.69833083478831,7553.115881873335
EGY,2026Q2,ADM2,mobile,Qalyub (2),697671.4467714429,609848.9156494141,87.41205025253105,30.726544788447313,107.0,549.0,326.0,34.29152204360312,39.09355315952713,38.498,13.599330658423415,74.36473484848459,5.4682643371439115,7.824069756129907,27.0,91.20960179732653,66.75109752106411,7171.898944358992
EGY,2026Q2,ADM2,mobile,Qanatir Al-Khayriyya,537612.948225975,431646.345993042,80.2894252114642,25.08421403668383,92.0,367.0,229.0,33.05143509093729,40.58494390080709,29.766,7.662031748448142,78.58492106816804,10.256407653764228,10.884802257491486,27.0,87.86229999028696,63.09105712104375,5248.023106075274
EGY,2026Q2,ADM2,mobile,"Qantara Gharb, al-",284034.38841054897,134390.7354441767,47.31495231835297,5.81834062524364,104.0,245.0,145.0,32.5006019092856,36.82585949253047,21.566499999999998,7.97869285807816,68.37936028224453,8.570245966168846,9.2722499696444,32.0,87.35757107195016,61.07289845795821,574.9238604289628
EGY,2026Q2,ADM2,mobile,"Qantara Sharq, al-",48178.976128946786,15214.001308918,31.578091797133805,0.33525474131155947,38.0,73.0,43.0,33.8454608737561,35.228568982360635,37.6235,2.235483069164623,75.320219999177,33.69303978997407,4.009573310094779,26.0,84.52460759820809,69.54666790280834,15.405896958305503
EGY,2026Q2,ADM2,mobile,Qasima,8166.878851576101,15.519112586975098,0.19002501284784104,0.017221221625835188,2.0,2.0,2.0,1.833,1.833,9.1105,1.833,1.833,1.0,0.753,28.0,0.0,0.0,2.5439743206947694
EGY,2026Q2,ADM2,mobile,Qasr Al-Nile,11690.611328125,11690.611328125,100.0,102.5980222448204,4.0,258.0,184.0,58.57560505651485,55.091988181493186,54.4435,46.605,59.703,1.2810428065658193,15.04035400544148,40.23920358068411,100.0,100.0,10701.473700778852
EGY,2026Q2,ADM2,mobile,Qift,147439.47380368272,76009.52685546875,51.55303725288403,9.497366035851481,19.0,40.0,24.0,18.14030989060387,40.08657703543651,23.397,6.218786205631349,115.61658318273919,18.591503126131585,10.546004626873886,42.804771757066355,72.26424888409937,34.884743661969466,2439.6241402532705
EGY,2026Q2,ADM2,mobile,Qillin,297007.36505116615,149097.22831726074,50.19984211218985,7.8297309989607955,44.0,111.0,83.0,24.070542131142464,40.32693834265228,26.3905,7.62835166811423,98.63544893651252,12.930112982179246,8.96903887400166,32.17337162675527,83.5492527490431,48.904471001152025,1926.6207775740543
EGY,2026Q2,ADM2,mobile,Qina (1),216559.97779083252,198056.11950683594,91.45555034094583,51.12893033106123,41.0,405.0,264.0,37.053636673634706,41.981826623668574,38.137,19.907302413158725,64.11867713449688,3.2208621642334845,14.675150041831074,33.64328879212003,99.00016489352423,85.53647540023682,8965.525925967613
EGY,2026Q2,ADM2,mobile,Qina (2),395673.22579147486,162893.70472678542,41.16874585106059,6.884202936687762,41.0,91.0,46.0,22.29938624065863,26.818037821541065,19.831,4.162902102071706,45.83912607800303,11.01133895394532,6.267868359204282,35.07007460936925,67.69807520262093,45.57517331164982,2203.0305776603805
EGY,2026Q2,ADM2,mobile,Qina City,4821.359237611294,4109.079144001007,85.22657079659594,38.09284381294034,10.0,40.0,24.0,66.59932761532396,76.08135956998333,38.7715,34.64185188168434,73.48488825218269,2.1212748239661874,22.02448808499547,31.314980782474812,100.0,95.00255773934084,609.9228483129392
EGY,2026Q2,ADM2,mobile,Qurin,101713.13068389893,87422.05084228516,85.9496215036118,32.06762152843066,25.0,71.0,37.0,25.89022737870275,30.65984256666776,23.316,6.711245552862583,58.537375771961315,8.722281923806685,11.350726863941725,31.533781096588037,81.84499609344718,49.28164782979544,4710.590225924871
EGY,2026Q2,ADM2,mobile,Qus,372042.82190199976,199975.37635827065,53.75063422429002,9.650047301501466,46.0,113.0,72.0,27.789018114617793,31.45421648509853,21.967,7.773450525522801,61.60265631347572,7.924750548191422,8.240744805472701,35.0,84.75604577719893,52.88576900020105,2579.168921296448
EGY,2026Q2,ADM2,mobile,Qusir,51851.067683002424,35032.541311462206,67.56378002790174,0.18189839720258058,70.0,313.0,170.0,58.403598241898635,54.77307764030894,40.297,13.142318404361738,101.98699303759753,7.760198003097352,13.21864931429997,36.773967906003925,99.59954809845655,64.5077893670685,4.453506655494666
EGY,2026Q2,ADM2,mobile,Qutur,373914.9157342196,206395.03701782227,55.19839630161445,8.118805835323485,70.0,170.0,101.0,28.679803772544414,36.62977080742834,28.437,8.98763940886291,71.11336064990378,7.912351332183769,5.400314923241233,31.537771266023547,86.33704680999301,58.473781951034255,1577.3298649161634
EGY,2026Q2,ADM2,mobile,Quwisna,534054.6386566162,365471.6283187866,68.4333777603935,13.421436508466387,99.0,269.0,182.0,36.15173996414443,39.58202885529794,28.907,10.57033014941838,73.01783018827496,6.907809799327098,5.995154605072372,31.0,90.7059086548944,66.82380433490877,2610.5232251523703
EGY,2026Q2,ADM2,mobile,Rafah,142882.06590797505,18974.806663513184,13.28004780931299,0.3737794330145248,14.0,32.0,18.0,15.848721107823772,18.76516322547291,15.222999999999999,1.110637829935255,36.098419281258884,32.502421859125086,12.591100344884309,34.86514656242695,60.13028105340575,38.063672482747876,139.29022219177992
EGY,2026Q2,ADM2,mobile,Ras Gharib,43884.83627034782,41225.42682919407,93.94002651674317,0.16863612102872239,61.0,99.0,88.0,54.60055523662831,58.61020790898737,34.322,6.050484167881582,111.26260049665461,18.38904084524037,13.118281909068699,33.0,87.38626333933973,77.38653539262144,4.202511402202642
EGY,2026Q2,ADM2,mobile,Ras Sidr,18452.520387712495,8790.736054034482,47.63975798063998,0.2373509493640314,68.0,195.0,136.0,45.59946304544191,56.43170723085733,42.7805,14.474777582899327,121.66565806856659,8.405355962934024,12.097276236712625,31.223581922418553,91.85930931918969,85.16355031823123,2.278295975653749
EGY,2026Q2,ADM2,mobile,Ras al-Bar,13300.921508789062,13300.921508789062,100.0,85.2627307491809,9.0,167.0,80.0,74.09794756975661,60.407353580916144,72.298,15.338526207637292,94.93275308541652,6.189170445733438,21.184377887158195,29.69893291051375,100.0,73.85983937447241,4636.166015148751
EGY,2026Q2,ADM2,mobile,Rashid,303872.1012155061,181696.7311820984,59.79381800938648,6.334870967745064,43.0,452.0,74.0,38.07376929057521,40.07435736210855,28.467,6.969325276977736,98.86553735298833,14.185811886206235,7.633278173474306,37.0,84.22084889279996,65.6458505891884,1642.176457230335
EGY,2026Q2,ADM2,mobile,Riyad,192100.95107152598,50074.28328514099,26.066650376185052,3.513758834550685,35.0,98.0,51.0,38.11146384039222,43.32861680834209,28.456,3.678478940271253,88.8183209124004,24.14539334180635,10.092773674658853,33.0,83.06394186032198,72.9634013913775,705.9160072863584
EGY,2026Q2,ADM2,mobile,Rud Al-Farag,202919.6640625,202919.6640625,100.0,79.10855305365958,7.0,179.0,107.0,37.33136627526039,39.580692767467575,38.379,27.784,53.815341486464405,1.9369184237857906,12.244420539522613,26.0,100.0,100.0,81893.79645620429
EGY,2026Q2,ADM2,mobile,Rummana,44916.698206100285,17149.660106658936,38.18103465211916,1.043342100621753,21.0,28.0,23.0,16.51667101802371,26.828941716357054,38.057,0.896,68.69657840810963,76.67028840190807,4.337444871728915,22.676644330760915,59.57861673212289,48.77392507069262,81.22269950213521
EGY,2026Q2,ADM2,mobile,Sadat City,187219.02734228323,124382.75344984047,66.43702577432884,9.44082564780564,204.0,573.0,366.0,39.219873919735164,43.71168428928565,33.6465,11.159809902108044,87.56454481156554,7.846419032193814,15.350755737694088,31.0,91.2773658605125,65.72873114270269,311.3128886964731
EGY,2026Q2,ADM2,mobile,Saf,453929.83297896385,286664.65466690063,63.151754707469365,13.226011460038473,61.0,131.0,84.0,21.89243350604145,25.921586431476143,20.594,5.461059321206088,48.07083859563212,8.80247508188861,6.2972205683680915,26.270141943723313,74.43455349159325,44.00285331073122,3484.214147687089
EGY,2026Q2,ADM2,mobile,Safaga,72224.27775113152,57303.54931054101,79.34111782743753,1.0380349690348332,166.0,851.0,546.0,45.126651671961994,45.296108084774204,49.551,8.297133632698754,75.13111737757798,9.055068979664073,9.48331031432127,32.0,88.57490407762134,76.78747955809857,15.197789994120317
EGY,2026Q2,ADM2,mobile,Sahil Silim,156266.04649156332,84818.85583496094,54.27849346629515,9.317356597846032,16.0,29.0,25.0,25.595066619170012,26.87030924977691,22.944499999999998,9.859928254546986,45.5536307332483,4.620077302513928,6.463993912517923,34.0,84.39075524816187,49.949128677624756,3069.0875449966297
EGY,2026Q2,ADM2,mobile,Salloum,18854.60392699541,10573.36139011383,56.07840626646755,0.031726906901221874,15.0,25.0,18.0,15.128168015061831,34.6914456555158,34.936,0.8575300871845934,124.55810977517208,145.25217439788733,8.031135648298822,28.0,59.2904090849312,43.94086827082881,1.4640308925448098
EGY,2026Q2,ADM2,mobile,Samannud,442905.7455690516,339958.9186706543,76.75649324301952,13.33810569058717,74.0,197.0,133.0,30.22875404935055,34.71937293551754,30.2195,4.6706798916341,68.37927943601302,14.640112579432117,5.507082651396496,31.509732674104924,78.20909528251775,57.99653483942409,2903.644965614186
EGY,2026Q2,ADM2,mobile,Sant Katrin,7228.724856513257,3129.678422175348,43.29502760580839,0.28405509176414395,33.0,273.0,147.0,45.2670720022382,51.40773708677205,54.786,7.739694410336069,84.6075013670202,10.931633328317211,19.352643155602753,60.265976222956844,86.80055018400789,78.77678986900595,2.155334929570864
EGY,2026Q2,ADM2,mobile,Santa,522891.9917718019,332436.54108810425,63.576521790217946,10.764930924850724,85.0,228.0,130.0,21.932070021257328,30.080780203127862,21.938,4.190177284642269,54.210850486237156,12.937603066325948,4.371897195719096,35.0,76.60892346896266,43.00225404694299,2398.0902578644354
EGY,2026Q2,ADM2,mobile,Saqulta,218064.02244010102,66690.0396118164,30.582779711006744,7.296998964656496,15.0,46.0,21.0,18.149108522717558,31.65587882879714,30.013,11.134171518221837,61.26634949170181,5.502551257759522,6.698525479441632,31.918852333250044,98.02349669103957,45.83226941657779,3552.7399294899906
EGY,2026Q2,ADM2,mobile,Sayyida Zainab,148078.3203125,148078.3203125,100.0,92.27824469624159,12.0,248.0,158.0,47.49466228290744,52.46190228664273,46.7455,32.35691935817795,74.06366513448955,2.2889591037587627,17.202172375263924,25.704957242787696,100.0,100.0,40628.68029549843
EGY,2026Q2,ADM2,mobile,Shallatin,13103.131838015617,6394.0979199409485,48.79824151192615,0.006374053910697569,10.0,23.0,13.0,31.385672630646194,27.70418571770667,17.034,16.334171499573863,36.424,2.22992638475421,8.33890128341038,44.109014003862534,97.32201876709527,61.293805994095386,0.2644525532737972
EGY,2026Q2,ADM2,mobile,Sharm el-Sheikh,14576.86982614063,13503.111669323203,92.63382214683799,2.333271098603484,209.0,1582.0,955.0,62.38148172542173,61.52530665387596,55.874,14.677685508026833,96.23823510916677,6.55677184638795,15.069326194425708,52.27311463641499,94.52879420509436,84.65605275004134,5.577336534776524
EGY,2026Q2,ADM2,mobile,Shaykh Zayed,75129.19686186314,74804.5436410904,99.56787343092503,91.16457244265625,128.0,1588.0,961.0,75.50308499643032,86.22071734123709,74.6265,48.26316852444657,145.142893004993,3.007322093481581,19.940614841407015,25.0,99.63823325422368,97.30056012696426,1909.780823836458
EGY,2026Q2,ADM2,mobile,Shaykh Zuwayd,26178.179964254618,3469.7623252868652,13.254406265159394,0.11349719318162299,10.0,30.0,16.0,22.88579386392872,30.46334169779564,31.4195,10.045,69.89350088960546,6.958038913848229,22.14986015675685,24.42956291847221,100.0,43.76482110716529,10.772362095199027
EGY,2026Q2,ADM2,mobile,Shibin al-Kum (1),264213.9427871704,235377.75708007812,89.08604693495664,49.67861170891021,42.0,436.0,331.0,57.78145106018697,58.24547809561676,53.235,23.816969829101655,89.4382307106256,3.7552313057617495,12.761792245856658,31.0,96.67951415487337,86.5520141815742,11271.58710021502
EGY,2026Q2,ADM2,mobile,Shibin al-Kum (2),559026.6026325226,384689.32818603516,68.81413628161656,16.992653955164887,99.0,313.0,174.0,39.404857093816595,44.29960789823387,30.249,10.67618206785957,91.83048866861228,8.601435240137587,7.018048118058725,32.20757365131482,91.30735579212622,70.92625006498241,3460.7583677634807
EGY,2026Q2,ADM2,mobile,Shibin al-Qanatir,581426.9817763865,399727.4960708618,68.74938876238714,20.11814260581488,103.0,317.0,198.0,32.01001677367858,39.48026817150225,28.023,8.38279401313015,79.53867321888906,9.488324906267042,7.4370720162448,30.0,86.57460440782718,63.25147254643911,4074.2914975334143
EGY,2026Q2,ADM2,mobile,Shirbin,465947.90881476866,246245.97966003418,52.84839249228737,5.99459491950654,57.0,148.0,101.0,28.371586020820214,37.35745911083881,25.045,7.371473084389878,78.5384920042263,10.654382252380804,6.274151299947977,31.0,82.97138705818831,58.499154637269676,1792.1299709282284
EGY,2026Q2,ADM2,mobile,Shroq,80375.16947713454,74431.42163895875,92.60499495448444,35.97446702639485,207.0,1096.0,735.0,52.68077522742712,55.37748772204731,42.607,18.786172148637824,99.4262942384223,5.292525451792565,14.633395486258035,24.0,95.68792631977678,79.28366245521902,499.4966497916649
EGY,2026Q2,ADM2,mobile,Shubra,89836.984375,89836.984375,100.0,104.57774937020992,5.0,192.0,103.0,50.15040100672897,50.83918943472291,40.402,36.87470095086759,63.903,1.7329767659714805,14.697442699960357,25.0,100.0,100.0,67098.13068337114
EGY,2026Q2,ADM2,mobile,Shubra Al-Khayma 1,559241.0695800781,559241.0695800781,100.0,91.78690241645629,34.0,555.0,335.0,36.82005803552958,37.123826586891184,36.354,20.520717393398368,53.963623135709945,2.629714259067295,9.158736510257242,26.0,100.0,79.50661449974352,53974.45277140078
EGY,2026Q2,ADM2,mobile,Shubra Al-Khayma 2,727662.7426757812,727662.7426757812,100.0,82.75045183608539,51.0,643.0,383.0,31.72132456522393,34.2393387618342,30.854,17.244836773031302,48.96543346427166,2.839425742831459,7.913952413499882,24.40223512062164,96.82298121017568,74.10677018428672,42217.282719215116
EGY,2026Q2,ADM2,mobile,Shubra Khît,297272.70007962064,96325.6498413086,32.40312676391375,5.067627622604346,35.0,65.0,43.0,18.52443811547861,23.072034214507525,18.017,6.08167810928248,59.11365967966607,9.719958639284238,5.1662235390830356,29.032063461919176,63.57197175932264,37.29580327129184,1566.6716229812475
EGY,2026Q2,ADM2,mobile,Sidfa,206000.82815504074,125378.57104492188,60.86313932221632,8.519616614966994,23.0,38.0,27.0,22.375595013177623,27.428198379082183,25.181,6.036641026038599,68.04356904926182,11.271760032733598,4.1040904767914546,28.0,85.52399221444378,47.311848239787636,2568.0704442415627
EGY,2026Q2,ADM2,mobile,Sidi Barani,58174.57742545201,15726.858680725098,27.03390274021041,0.0251583223431755,15.0,20.0,16.0,7.15818333565739,25.545592183928406,18.664,0.395144039147478,77.925,197.2065684405184,13.968527983183158,41.38667649092751,33.374122395442555,31.985969165604732,3.567063054354689
EGY,2026Q2,ADM2,mobile,Sidi Gabir,277935.052734375,277935.052734375,100.0,93.85509377506011,36.0,2138.0,1392.0,54.23326204777261,53.55264802805178,53.0115,41.718833729664325,64.84915727286791,1.554433608884821,11.089681876335144,25.352182668747606,100.0,97.2079674922119,26493.592695352196
EGY,2026Q2,ADM2,mobile,Sidi Salim,460479.64217196335,144622.04418715555,31.406826913131443,3.111351629673829,56.0,141.0,80.0,38.59845690001933,42.42714369163525,34.467,7.751843622740189,84.2543995744487,10.868949849205771,10.871167417957226,34.0,88.81806786647677,59.95552938396549,937.2795597924516
EGY,2026Q2,ADM2,mobile,Sinbillawin,610437.7090665693,339028.50673633814,55.53859168607922,8.942497705820802,99.0,301.0,172.0,28.796681046943675,39.43147345063263,32.956,11.139000189468485,82.46319363533283,7.4031055061206255,7.211567405521246,28.0,90.56686887518887,54.5192672735751,2001.978324129284
EGY,2026Q2,ADM2,mobile,Sinuras,700141.2402416266,411576.9537525177,58.7848465561717,9.804390113241322,80.0,256.0,138.0,34.58832910722535,38.1435084393798,24.4165,4.733226571009059,72.80617017820356,15.38193219486687,8.598333552687558,30.0,82.34813864791455,58.200224733000425,3023.7702050411813
EGY,2026Q2,ADM2,mobile,Sirs Al-Layyana City,82126.1143951416,69036.12628173828,84.06111355710541,26.549271326047844,16.0,43.0,31.0,41.770973042622956,35.456559678550995,32.792,15.87359874032841,52.94990737045016,3.33572167450131,8.701033125413227,27.90091088014495,94.72983900111466,60.05651092226836,4903.177206213243
EGY,2026Q2,ADM2,mobile,Siwa,35475.4978250635,14746.586119547486,41.568369786565746,0.01427418288545401,19.0,38.0,26.0,6.254195805343813,16.30186514576242,21.484,1.8733051960113627,40.99364152026565,21.883055471980338,14.976187618410847,36.73105340477496,44.78633674529968,27.242158390707594,0.9352270881002928
EGY,2026Q2,ADM2,mobile,Suez,19867.034501856193,18572.43734741211,93.48369202095498,37.71831065648217,15.0,88.0,51.0,37.018469976350815,41.18847994746079,40.049,17.31303706894915,81.1582476024681,4.687695594900853,6.789358553521291,31.0,96.14061506141368,72.10807235431737,1779.757469297185
EGY,2026Q2,ADM2,mobile,Suhag (1),159168.3233947754,158040.69680786133,99.29155087968272,77.65470828983753,15.0,251.0,176.0,64.31003330330891,66.37984869677065,59.639,43.51738409312132,104.27733072037292,2.3962224038382804,16.631208851568726,29.059362646821,100.0,99.8193906289587,27539.07490348921
EGY,2026Q2,ADM2,mobile,Suhag (2),624522.2851056429,332884.4411201477,53.30225182658417,12.46250591183789,70.0,215.0,136.0,33.929705162666934,43.541029212282204,27.727,11.108436233864499,88.14468509615706,7.934931905846889,7.6607444658415345,34.84278793914415,90.21393606229043,61.194556701665206,3716.83059998631
EGY,2026Q2,ADM2,mobile,Suhag-2,29372.778686523438,18860.173217773438,64.20970048171404,68.92103820263974,7.0,106.0,58.0,47.51617918914339,51.12225675932865,51.071,35.101092257050944,68.66052141520119,1.9560793411324395,14.28762481402679,32.87426027015656,100.0,100.0,9664.219010835108
EGY,2026Q2,ADM2,mobile,Sumusta,312269.0347303272,176417.2813616991,56.4952850717496,6.7866180648971,31.0,113.0,41.0,43.71103127293704,42.686347511432324,27.989,3.8719290394287023,87.2898809646796,22.544287376082465,13.110434462407655,31.17596964458237,84.06496390052274,64.41338466342862,2387.6558658652575
EGY,2026Q2,ADM2,mobile,Taba,421.0143554410798,0.0011919860262423754,0.00028312241871030256,0.35606656983010093,1.0,1.0,1.0,87.898,87.898,87.898,87.898,87.898,1.0,24.496,26.0,100.0,100.0,5.290268112878757
EGY,2026Q2,ADM2,mobile,Tahta,312097.37166117644,81249.58053588867,26.03340749184392,7.053072527384594,33.0,88.0,54.0,40.94488718535919,36.432070758343066,27.047,12.156637771727045,52.655213193085075,4.33139608021771,5.970174930695862,32.0,93.13457748722853,74.2885988420388,2238.407230527621
EGY,2026Q2,ADM2,mobile,"Tal al-Kabir, al-",223804.09232831688,73674.81960827817,32.91933531769313,2.931871171642372,85.0,211.0,108.0,19.694579203744617,31.041583993040405,18.007,5.721534346371845,82.44470124706778,14.409544058640117,5.98259027451378,31.0,76.85802483217789,38.02300743371852,278.0297969678463
EGY,2026Q2,ADM2,mobile,Tala,426307.35372570145,227925.25241470337,53.46500603913042,7.46801120174814,51.0,107.0,76.0,28.139802505190456,40.418433340361354,23.645,5.43744974801943,92.61897876162392,17.033532823978746,5.851938070162165,31.0,76.96254110396596,50.76648929692239,2256.473303623487
EGY,2026Q2,ADM2,mobile,Talkha,431246.3211509935,318295.1630935669,73.80820368369503,18.230563779781832,98.0,344.0,207.0,42.31176734990626,38.43272908350608,34.7605,6.135567741100264,64.78684948784593,10.55922650056635,6.53327698165995,28.0,84.84148969628106,65.74058951180454,2925.6072662025304
EGY,2026Q2,ADM2,mobile,Tama,480530.3740221411,233465.96774291992,48.58505941856709,7.840377984003999,39.0,106.0,72.0,26.85137238830709,30.994876045461346,26.96,6.879143353133965,52.98766732190099,7.702654909460659,4.403437736834502,36.26335103649388,71.32073503740948,61.63929026447824,3246.862295675438
EGY,2026Q2,ADM2,mobile,Tamy Al-Amdid,193447.4630216016,43287.577629089355,22.37691668474121,2.8350857072797337,13.0,22.0,16.0,42.1228011957411,52.41460032122846,36.173,6.512349450395052,110.53210529221755,16.972692594914797,14.90254715162569,28.255065601579183,84.9207016400657,81.1911745337977,1533.7636421959623
EGY,2026Q2,ADM2,mobile,Tamya,521898.18510612845,221900.6991327703,42.51800551627644,6.278275468758375,67.0,205.0,100.0,24.461799492542212,32.74949580903092,20.877,3.5936212838160033,71.48840800447257,19.893139081300266,7.272687691373306,32.0,78.29163347228089,50.23551501702245,1725.3729297878638
EGY,2026Q2,ADM2,mobile,Tanta,734765.6819340292,480502.34650087357,65.39531694459505,13.114752556073737,150.0,521.0,320.0,25.75187464883124,34.487876811815724,27.7305,4.026963225526499,69.80840743363828,17.335248306001425,5.793242157961591,27.81255088347598,80.27296636412837,50.29360336116488,2329.239990803877
EGY,2026Q2,ADM2,mobile,Tanta 1,277040.799741894,277040.5177001953,99.9998981948872,77.8837307152364,34.0,478.0,316.0,41.39889928504341,41.3059425597381,41.716499999999996,21.53166319971302,63.38600474534697,2.9438508375977106,7.885234541075852,33.73663512316452,99.86310127613723,77.12772385771852,23000.876071148814
EGY,2026Q2,ADM2,mobile,Tanta 2,336287.4245605469,331507.9382324219,98.57874961147574,87.74834850575398,33.0,599.0,395.0,40.946081171052775,39.957672692481005,39.131,23.572196455168232,52.965591372880674,2.2469518898510583,8.352916047466694,33.24937165547103,98.6374682233306,89.58410972632204,32401.984103815546
EGY,2026Q2,ADM2,mobile,Tiba police station,45554.5330351732,7707.486567929387,16.919252716251847,1.9521730720310857,3.0,4.0,3.0,35.61560936755415,31.552425396068347,23.87,1.318,44.901,34.06752655538695,3.5239728457542236,33.26037381856326,69.37285286003042,69.37121211104697,977.1098545277705
EGY,2026Q2,ADM2,mobile,Tukh,683894.2604150772,442606.0860786438,64.71849695156267,18.097112209502175,138.0,435.0,258.0,35.00331207155732,45.81575570736806,35.016999999999996,8.811106742876548,100.23819556789395,11.37634561616596,5.989266641387468,29.0,87.8145076605206,60.8571074685784,3220.319683184535
EGY,2026Q2,ADM2,mobile,Tura,181683.85044492455,168568.94535968307,92.78146898960779,14.010136847789807,47.0,359.0,252.0,44.6195447998284,48.264007901264335,52.156,17.542681021832653,105.53810028773046,6.016075886940175,13.54784958906566,25.0,100.0,68.11483414310807,1929.127316002196
EGY,2026Q2,ADM2,mobile,Umraniyya,939720.0576171875,939720.0576171875,100.0,102.4192824481588,64.0,1671.0,1083.0,43.72523747904106,42.479897705008725,42.542500000000004,30.591320595197207,55.6241519595688,1.8182984871958,10.82397248285131,27.0,100.0,96.73026336316597,53616.844256745346
EGY,2026Q2,ADM2,mobile,Wadi Al-NatrUn,2831.1581369638443,2027.9927978515625,71.63120884608719,9.258511041792419,5.0,12.0,12.0,16.346485656541695,37.748838679947646,15.836,0.509,72.292,142.02750491159136,10.459692373896967,47.82560744467578,51.27191488997407,48.97297329902733,188.43977689194173
EGY,2026Q2,ADM2,mobile,Waraq,927701.7531738281,913789.5724029541,98.50036062524642,63.868468563945505,63.0,769.0,422.0,37.97913904551705,40.61130943893433,35.755,22.54560653633341,62.72269585744808,2.782036303009512,11.693261428784998,26.620546792855343,98.5999677338936,82.3624623989027,33601.95448898513
EGY,2026Q2,ADM2,mobile,Yousef El sadeq,371453.0262538768,107119.4663901329,28.83795764714541,4.317991881204005,36.0,60.0,48.0,26.483267555516875,30.004612084676747,26.283,5.137587104048024,63.952786533998456,12.448019904832089,9.350938448581674,28.0,84.68808987472639,51.86327232555414,1569.408510249639
EGY,2026Q2,ADM2,mobile,Zamalik,23196.073486328125,23196.073486328125,100.0,93.64988526154139,9.0,310.0,235.0,61.50401293585079,63.47838432147526,71.246,49.32057805906231,75.70999960317043,1.535059048020611,16.87221969064661,34.0,100.0,100.0,8616.239916677856
EGY,2026Q2,ADM2,mobile,Zaqaziq,1167040.7115927727,808354.4396619797,69.26531625094215,17.11164716863167,198.0,927.0,594.0,30.89992797843444,35.04615857618438,26.4745,7.05240170682481,66.54129388816303,9.435267112446121,7.050241355956219,33.0,81.19720249323589,62.88130992099098,3639.90680424403
EGY,2026Q2,ADM2,mobile,Zaqaziq 1,119779.291015625,119779.291015625,100.0,115.26670193004367,12.0,158.0,105.0,30.9997034349753,33.80140717930776,32.1875,27.091026235588448,41.60832762839792,1.5358712241671617,6.769621361165653,30.838879898151923,100.0,97.56503726856174,41517.08212132665
EGY,2026Q2,ADM2,mobile,Zaqaziq 2,101399.06103515625,101399.06103515625,100.0,89.4561188995633,14.0,293.0,212.0,42.874844191308036,47.2384646110253,41.664500000000004,10.958990473239917,80.01053791214835,7.300904048372079,9.178429635047207,34.932146439664784,96.88236467852424,86.68386633165481,23385.348870565573
EGY,2026Q2,ADM2,mobile,Zarqa,179885.97009694576,122639.32452392578,68.17614762164715,8.099753239240002,20.0,90.0,40.0,34.92017313841663,40.21231685417994,31.8185,17.500911927665843,80.76946346634662,4.6151574158066815,6.931375262766298,36.0881173585111,100.0,78.7955981244914,2663.600280229979
EGY,2026Q2,ADM2,mobile,Zawiyya Al-Hamra,331781.99609375,297512.8671875,89.67119092967096,101.7279296886384,18.0,220.0,137.0,31.659775382674116,41.438833006521136,31.561999999999998,22.372754611136145,69.34125409804507,3.099361491388733,10.380209202005824,25.074740198358636,100.0,85.56782347932136,66996.675717667
EGY,2026Q2,ADM2,mobile,Zemam Out (1),98367.07786726468,85756.52889631048,87.18011224449431,5.076511304226371,276.0,971.0,635.0,22.901841331853305,28.488114268536727,41.013,2.2096906882718748,72.70645590971462,32.90345399725421,8.484153184145539,26.0,85.06222145309914,46.04882470211103,64.59446649676569
EGY,2026Q2,ADM2,mobile,Zemam Out (10),402310.729884476,164795.63464215025,40.96227676787828,0.04917728762623808,89.0,180.0,124.0,62.99110998507913,81.70103972736237,37.68,9.951541959669884,169.3497876140443,17.017441950238435,20.59590027232155,30.0,88.1456147577875,81.43582313770892,7.135857589868122
EGY,2026Q2,ADM2,mobile,Zemam Out (11),73448.59751324877,21599.155700683594,29.40717240623622,0.9633193495684175,12.0,49.0,19.0,42.78480730668781,53.973408196753645,28.6505,0.7432488105871069,117.478,158.06012512445437,7.011388826657506,26.916599671169674,60.2642975190793,56.91073324565441,194.04444496281823
EGY,2026Q2,ADM2,mobile,Zemam Out (12),399037.59161242686,139424.7044553556,34.940243071328126,0.23674726157513554,120.0,327.0,211.0,19.59284073966621,28.786857221723405,31.939500000000002,1.8716905163718316,52.7257197361608,28.170105727931286,7.621782855900222,34.0,72.06824307542753,43.71581552305357,26.614025657897145
EGY,2026Q2,ADM2,mobile,Zemam Out (13),284262.1788896528,103855.97125434875,36.535275871034685,0.24587947024828263,69.0,153.0,108.0,21.853251693450122,22.577518772048432,29.236,3.722078828504848,46.15162148364963,12.399420756542291,4.813618249511562,32.0,67.81718739651201,35.72175541742341,33.80054385909111
EGY,2026Q2,ADM2,mobile,Zemam Out (14),684782.0307387064,292908.55693943286,42.773984098773546,0.27741219074601986,106.0,239.0,140.0,18.31278183974789,25.284723674512602,23.6235,3.1007999279493568,52.00767358516167,16.77234094221479,6.283384821002415,35.0,74.95423316112434,33.280496805595874,59.3288315035852
EGY,2026Q2,ADM2,mobile,Zemam Out (2),5542.441088626885,654.3352421558668,11.805903422204446,0.40939584095668785,12.0,17.0,13.0,1.1128912790867176,1.6045174687519015,24.0775,1.019,4.423204302356092,4.340730424294497,0.07526705494962362,55.69869844139072,2.269058599521183,2.0987662517057837,6.8273311162752535
EGY,2026Q2,ADM2,mobile,Zemam Out (3),275462.8801567096,255895.06061279413,92.89638606378347,17.421707378987904,455.0,1730.0,1142.0,39.62304741337232,43.045200848326445,30.114,12.91500957114511,80.09019716801022,6.20132696974138,9.811031162817217,24.0,93.28159410849001,72.88183934968335,378.312731246722
EGY,2026Q2,ADM2,mobile,Zemam Out (4),109273.17117853463,96332.26357789338,88.15728741001035,33.02593574608438,148.0,769.0,541.0,52.898178365785625,58.342987577626246,41.129999999999995,18.713182706492592,111.89490262599618,5.979469360237365,12.244081673495543,25.0,96.37910385453269,85.96029097651655,873.7130942839598
EGY,2026Q2,ADM2,mobile,Zemam Out (5),92770.55916764977,61693.570591561496,66.50123826468732,1.0880757956484393,135.0,308.0,178.0,30.472811789721572,42.5213773842383,23.55,7.663790775263259,76.5901772507769,9.99377194612231,10.27314087073008,28.0,83.55635214120119,58.01234624738143,26.865773759533543
EGY,2026Q2,ADM2,mobile,Zemam Out (6),350023.10028303805,257651.0125823151,73.60971672268819,0.7720403893341834,962.0,5107.0,3303.0,49.86638208382258,53.35044172701437,45.634,11.930609114522547,99.56668985284877,8.345482522904142,12.830553284489941,26.0,91.38357232555745,77.75721108788379,10.004703387290151
EGY,2026Q2,ADM2,mobile,Zemam Out (7),112797.2550986866,38238.68087655082,33.900364723499436,0.17404499808555798,55.0,96.0,64.0,5.556199691552515,14.609305954177502,25.147,1.3951989459008964,37.66982069044984,26.99960518256125,1.1542781970396385,21.35255637938347,43.51139655636198,11.021271256884983,12.502188641908392
EGY,2026Q2,ADM2,mobile,Zemam Out (8),103873.2926919373,22455.424152224256,21.61809216813944,0.361259194463664,45.0,69.0,51.0,5.293901216352306,10.520634928953495,14.393,3.394391002241596,22.291649749517706,6.567201520036051,4.393108027672818,20.1950775012508,38.055784688087876,9.482074394618081,29.38192704536246
EGY,2026Q2,ADM2,mobile,Zemam Out (9),205201.0088041039,99620.42768997326,48.547728040204895,0.10412036962674809,103.0,254.0,180.0,32.290503731083156,45.061587928685,29.57,7.29505349198323,93.36907924978193,12.798957451427633,6.099093271920435,35.0,75.68649240390064,65.9932878451387,7.126719262249364
EGY,2026Q2,ADM2,mobile,Zifta,573743.6622090667,374970.3487110138,65.35503107211287,11.525560742290253,88.0,278.0,169.0,36.0393347357063,39.697749998341166,33.239000000000004,9.427634874215217,65.90425010654225,6.990539089161353,7.719748378861844,30.0,88.96305169402028,71.1728336750429,2719.6734647453136
